,Job Title,Job Description,Skills,combined_text
0,admin big data,"responsible for managing and overseeing big data infrastructure, ensuring data integrity, security, and availability. requires expertise in hadoop, spark, and data warehousing solutions.","hadoop, spark, mapreduce, data lakes, data warehousing, big data architecture, nosql, data modeling, etl, cloud computing, aws, azure, data governance, security","admin big data hadoop, spark, mapreduce, data lakes, data warehousing, big data architecture, nosql, data modeling, etl, cloud computing, aws, azure, data governance, security responsible for managing and overseeing big data infrastructure, ensuring data integrity, security, and availability. requires expertise in hadoop, spark, and data warehousing solutions."
1,ansible operations engineer,"focuses on automating it processes using ansible. responsibilities include writing playbooks, managing configurations, and ensuring system reliability.","ansible, linux, automation, cloud platforms, ci/cd, infrastructure as code, kubernetes, docker, aws, terraform, python, scripting, networking","ansible operations engineer ansible, linux, automation, cloud platforms, ci/cd, infrastructure as code, kubernetes, docker, aws, terraform, python, scripting, networking focuses on automating it processes using ansible. responsibilities include writing playbooks, managing configurations, and ensuring system reliability."
2,artifactory administrator,"manages the artifactory repository for build artifacts. responsibilities include configuring repositories, managing access permissions, and integrating with ci/cd pipelines.","artifactory, ci/cd, jenkins, docker, maven, gradle, build automation, version control, git, cloud computing, linux, jfrog cli","artifactory administrator artifactory, ci/cd, jenkins, docker, maven, gradle, build automation, version control, git, cloud computing, linux, jfrog cli manages the artifactory repository for build artifacts. responsibilities include configuring repositories, managing access permissions, and integrating with ci/cd pipelines."
3,artificial intelligence / machine learning leader,"leads ai/ml projects and teams, defining strategy and overseeing implementation. requires strong leadership skills and knowledge of ai technologies.","ai strategy, machine learning, team management, project management, cloud computing, data science, deep learning, communication, budgeting, stakeholder management","artificial intelligence / machine learning leader ai strategy, machine learning, team management, project management, cloud computing, data science, deep learning, communication, budgeting, stakeholder management leads ai/ml projects and teams, defining strategy and overseeing implementation. requires strong leadership skills and knowledge of ai technologies."
4,artificial intelligence / machine learning sr.leader,"senior role overseeing multiple ai/ml initiatives. responsible for strategic planning, team management, and ensuring alignment with business goals.","ai strategy, machine learning, team management, project management, cloud computing, data science, deep learning, communication, budgeting, stakeholder management, innovation, mentoring","artificial intelligence / machine learning sr.leader ai strategy, machine learning, team management, project management, cloud computing, data science, deep learning, communication, budgeting, stakeholder management, innovation, mentoring senior role overseeing multiple ai/ml initiatives. responsible for strategic planning, team management, and ensuring alignment with business goals."
5,artificial intelligence architect,"designs ai systems and architecture. responsible for selecting appropriate technologies, ensuring scalability, and integrating ai solutions into existing systems.","ai architecture, machine learning, cloud computing, data science, deep learning, system design, aws, azure, scalability, security, model deployment","artificial intelligence architect ai architecture, machine learning, cloud computing, data science, deep learning, system design, aws, azure, scalability, security, model deployment designs ai systems and architecture. responsible for selecting appropriate technologies, ensuring scalability, and integrating ai solutions into existing systems."
6,artificial intelligence researcher,conducts research in ai to develop new algorithms and models. publishes findings in scientific journals and collaborates with academic institutions.,"machine learning, deep learning, research methods, python, tensorflow, pytorch, data analysis, statistical analysis, algorithm design, scientific writing","artificial intelligence researcher machine learning, deep learning, research methods, python, tensorflow, pytorch, data analysis, statistical analysis, algorithm design, scientific writing conducts research in ai to develop new algorithms and models. publishes findings in scientific journals and collaborates with academic institutions."
7,big data architect,"designs big data solutions and architecture. responsible for data modeling, etl processes, and ensuring the performance of big data systems.","hadoop, spark, kafka, mapreduce, nosql, data warehousing, cloud computing, aws, azure, data lakes, data modeling, etl, data governance, security","big data architect hadoop, spark, kafka, mapreduce, nosql, data warehousing, cloud computing, aws, azure, data lakes, data modeling, etl, data governance, security designs big data solutions and architecture. responsible for data modeling, etl processes, and ensuring the performance of big data systems."
8,big data engineer,"builds and maintains big data pipelines. responsible for data ingestion, transformation, and storage using technologies like hadoop and spark.","hadoop, spark, kafka, sql, nosql, python, java, scala, data pipelines, etl, data warehousing, cloud computing","big data engineer hadoop, spark, kafka, sql, nosql, python, java, scala, data pipelines, etl, data warehousing, cloud computing builds and maintains big data pipelines. responsible for data ingestion, transformation, and storage using technologies like hadoop and spark."
9,big data specialist,analyzes large datasets to extract insights. requires knowledge of statistical analysis tools and big data technologies.,"hadoop, spark, data analysis, data visualization, sql, nosql, data modeling, etl, cloud computing, data mining, statistical analysis","big data specialist hadoop, spark, data analysis, data visualization, sql, nosql, data modeling, etl, cloud computing, data mining, statistical analysis analyzes large datasets to extract insights. requires knowledge of statistical analysis tools and big data technologies."
10,build and release engineer,"manages the build process for software applications. responsible for automating builds, managing release schedules, and ensuring software quality.","ci/cd, jenkins, git, maven, gradle, docker, kubernetes, automation, scripting, linux, build tools","build and release engineer ci/cd, jenkins, git, maven, gradle, docker, kubernetes, automation, scripting, linux, build tools manages the build process for software applications. responsible for automating builds, managing release schedules, and ensuring software quality."
11,build engineer,focuses on building software applications from source code. responsibilities include configuring build environments and troubleshooting build issues.,"maven, gradle, ant, jenkins, ci/cd, git, build automation, scripting, linux, version control","build engineer maven, gradle, ant, jenkins, ci/cd, git, build automation, scripting, linux, version control focuses on building software applications from source code. responsibilities include configuring build environments and troubleshooting build issues."
12,chef operations engineer,"utilizes chef for configuration management. responsible for writing cookbooks, managing infrastructure as code, and automating deployment processes.","chef, ruby, automation, configuration management, linux, cloud computing, aws, azure, infrastructure as code","chef operations engineer chef, ruby, automation, configuration management, linux, cloud computing, aws, azure, infrastructure as code utilizes chef for configuration management. responsible for writing cookbooks, managing infrastructure as code, and automating deployment processes."
13,data analysts,"analyzes datasets to provide actionable insights. requires proficiency in sql, excel, and data visualization tools like tableau or power bi.","sql, excel, data visualization, power bi, python, r, statistics, data mining, data cleansing, tableau, etl, data modeling","data analysts sql, excel, data visualization, power bi, python, r, statistics, data mining, data cleansing, tableau, etl, data modeling analyzes datasets to provide actionable insights. requires proficiency in sql, excel, and data visualization tools like tableau or power bi."
14,data architect,"designs data models and architecture for databases. responsible for ensuring data quality, integrity, and security across systems.","data modeling, data warehousing, etl, sql, nosql, data governance, cloud computing, aws, azure, data integration, data security","data architect data modeling, data warehousing, etl, sql, nosql, data governance, cloud computing, aws, azure, data integration, data security designs data models and architecture for databases. responsible for ensuring data quality, integrity, and security across systems."
15,devops architect,designs devops frameworks that enhance collaboration between development/operations teams while implementing ci/cd practices.,"cloud computing, aws, azure, google cloud, docker, kubernetes, terraform, ansible, ci/cd, automation, security, networking","devops architect cloud computing, aws, azure, google cloud, docker, kubernetes, terraform, ansible, ci/cd, automation, security, networking designs devops frameworks that enhance collaboration between development/operations teams while implementing ci/cd practices."
16,devops engineer,implements devops practices by automating software delivery processes using tools like jenkins or gitlab ci.,"docker, kubernetes, ci/cd, aws, azure, linux, terraform, ansible, jenkins, git, automation, networking, python, scripting, cloud computing","devops engineer docker, kubernetes, ci/cd, aws, azure, linux, terraform, ansible, jenkins, git, automation, networking, python, scripting, cloud computing implements devops practices by automating software delivery processes using tools like jenkins or gitlab ci."
17,elk engineer,"implements elk stack (elasticsearch, logstash, kibana) solutions for log management/analysis while creating visualizations/dashboards.","elasticsearch, logstash, kibana, data visualization, log management, linux, aws, azure, networking, security","elk engineer elasticsearch, logstash, kibana, data visualization, log management, linux, aws, azure, networking, security implements elk stack (elasticsearch, logstash, kibana) solutions for log management/analysis while creating visualizations/dashboards."
18,gerrit administrator,"administers gerrit code review tool. responsibilities include managing user access, configuring project settings, and facilitating code reviews.","gerrit, git, code review, linux, automation, scripting, version control","gerrit administrator gerrit, git, code review, linux, automation, scripting, version control administers gerrit code review tool. responsibilities include managing user access, configuring project settings, and facilitating code reviews."
19,jenkins engineer,manages jenkins ci/cd server to automate software builds/deployments. responsibilities include configuring jobs/plugins and maintaining build pipelines.,"jenkins, ci/cd, automation, groovy, scripting, linux, docker, kubernetes, build automation, version control","jenkins engineer jenkins, ci/cd, automation, groovy, scripting, linux, docker, kubernetes, build automation, version control manages jenkins ci/cd server to automate software builds/deployments. responsibilities include configuring jobs/plugins and maintaining build pipelines."
20,jira administrator,"manages jira project management tool. responsibilities include configuring workflows, managing user permissions, and supporting teams in agile methodologies.","jira, atlassian suite, agile methodologies, workflow configuration, user management, project management","jira administrator jira, atlassian suite, agile methodologies, workflow configuration, user management, project management manages jira project management tool. responsibilities include configuring workflows, managing user permissions, and supporting teams in agile methodologies."
21,kubernetes operations engineer,"manages kubernetes clusters for container orchestration. responsibilities include deploying applications, monitoring cluster health, and troubleshooting issues.","kubernetes, docker, linux, cloud computing, aws, azure, networking, ci/cd, automation, security","kubernetes operations engineer kubernetes, docker, linux, cloud computing, aws, azure, networking, ci/cd, automation, security manages kubernetes clusters for container orchestration. responsibilities include deploying applications, monitoring cluster health, and troubleshooting issues."
22,machine learning architect,"designs machine learning systems architecture. responsible for selecting appropriate frameworks, designing workflows, and ensuring scalability of ml models.","machine learning, deep learning, cloud computing, data science, system design, aws, azure, scalability, security, model deployment","machine learning architect machine learning, deep learning, cloud computing, data science, system design, aws, azure, scalability, security, model deployment designs machine learning systems architecture. responsible for selecting appropriate frameworks, designing workflows, and ensuring scalability of ml models."
23,machine learning engineer,builds machine learning models by implementing algorithms/data processing techniques while focusing on model evaluation/deployment.,"python, machine learning, tensorflow, keras, pytorch, data analysis, deep learning, natural language processing, computer vision, data science, algorithms","machine learning engineer python, machine learning, tensorflow, keras, pytorch, data analysis, deep learning, natural language processing, computer vision, data science, algorithms builds machine learning models by implementing algorithms/data processing techniques while focusing on model evaluation/deployment."
24,operations engineer,"oversees it operations to ensure system reliability. responsibilities include monitoring system performance, troubleshooting issues, and implementing improvements.","linux, windows server, networking, troubleshooting, scripting, automation, cloud computing, monitoring, system administration","operations engineer linux, windows server, networking, troubleshooting, scripting, automation, cloud computing, monitoring, system administration oversees it operations to ensure system reliability. responsibilities include monitoring system performance, troubleshooting issues, and implementing improvements."
25,principle engineer in artificial intelligence,"leads ai initiatives within an organization. responsibilities include strategic planning, mentoring teams, and driving innovation in ai technologies.","ai strategy, machine learning, deep learning, data science, python, tensorflow, cloud computing, system design, mentoring, innovation","principle engineer in artificial intelligence ai strategy, machine learning, deep learning, data science, python, tensorflow, cloud computing, system design, mentoring, innovation leads ai initiatives within an organization. responsibilities include strategic planning, mentoring teams, and driving innovation in ai technologies."
26,principle engineer in big data,senior role responsible for big data strategy implementation. oversees architecture design decisions and ensures compliance with best practices.,"big data architecture, hadoop, spark, kafka, data warehousing, cloud computing, data governance, mentoring, innovation","principle engineer in big data big data architecture, hadoop, spark, kafka, data warehousing, cloud computing, data governance, mentoring, innovation senior role responsible for big data strategy implementation. oversees architecture design decisions and ensures compliance with best practices."
27,principle engineer in data analysis,leads data analysis projects to derive insights from complex datasets. requires strong analytical skills and experience with statistical methods.,"data analysis, statistics, sql, python, data visualization, data modeling, mentoring, innovation","principle engineer in data analysis data analysis, statistics, sql, python, data visualization, data modeling, mentoring, innovation leads data analysis projects to derive insights from complex datasets. requires strong analytical skills and experience with statistical methods."
28,principle engineer in machine learning,senior role overseeing machine learning projects. responsible for guiding teams on best practices in model development and deployment.,"machine learning, deep learning, python, tensorflow, cloud computing, model deployment, mentoring, innovation","principle engineer in machine learning machine learning, deep learning, python, tensorflow, cloud computing, model deployment, mentoring, innovation senior role overseeing machine learning projects. responsible for guiding teams on best practices in model development and deployment."
29,production support engineer,"provides support for production systems to ensure uptime. responsibilities include monitoring applications, troubleshooting issues, and performing root cause analysis.","troubleshooting, linux, windows server, scripting, networking, databases, monitoring, automation, itil","production support engineer troubleshooting, linux, windows server, scripting, networking, databases, monitoring, automation, itil provides support for production systems to ensure uptime. responsibilities include monitoring applications, troubleshooting issues, and performing root cause analysis."
30,puppet operations engineer,utilizes puppet for configuration management tasks. responsible for writing manifests/scripts to automate system configurations across environments.,"puppet, ruby, automation, configuration management, linux, cloud computing, aws, azure, infrastructure as code","puppet operations engineer puppet, ruby, automation, configuration management, linux, cloud computing, aws, azure, infrastructure as code utilizes puppet for configuration management tasks. responsible for writing manifests/scripts to automate system configurations across environments."
31,senior build and release engineer,leads build/release engineering efforts within an organization. manages complex build environments while ensuring timely delivery of software releases.,"ci/cd, jenkins, git, maven, gradle, docker, kubernetes, automation, scripting, linux, build tools, leadership, mentoring","senior build and release engineer ci/cd, jenkins, git, maven, gradle, docker, kubernetes, automation, scripting, linux, build tools, leadership, mentoring leads build/release engineering efforts within an organization. manages complex build environments while ensuring timely delivery of software releases."
32,senior build engineer,oversees build processes for software projects at a senior level. responsible for optimizing build times and maintaining build infrastructure.,"maven, gradle, ant, jenkins, ci/cd, git, build automation, scripting, linux, version control, leadership, mentoring","senior build engineer maven, gradle, ant, jenkins, ci/cd, git, build automation, scripting, linux, version control, leadership, mentoring oversees build processes for software projects at a senior level. responsible for optimizing build times and maintaining build infrastructure."
33,senior devops engineer,drives devops initiatives at a senior level. responsibilities include mentoring team members and implementing automation strategies.,"docker, kubernetes, ci/cd, aws, azure, linux, terraform, ansible, jenkins, git, automation, networking, python, cloud computing, leadership","senior devops engineer docker, kubernetes, ci/cd, aws, azure, linux, terraform, ansible, jenkins, git, automation, networking, python, cloud computing, leadership drives devops initiatives at a senior level. responsibilities include mentoring team members and implementing automation strategies."
34,site reliability engineer (kubernetes – docker),focuses on maintaining high availability of containerized applications using kubernetes/docker while implementing sre best practices.,"sre, kubernetes, docker, linux, cloud computing, monitoring, automation, ci/cd, networking, troubleshooting","site reliability engineer (kubernetes – docker) sre, kubernetes, docker, linux, cloud computing, monitoring, automation, ci/cd, networking, troubleshooting focuses on maintaining high availability of containerized applications using kubernetes/docker while implementing sre best practices."
35,splunk engineer,"implements splunk solutions for log analysis, security monitoring, and operational intelligence. responsible for creating dashboards/alerts and managing data ingestion.","splunk, data analysis, log management, security, dashboards, alerting, scripting, linux, aws, azure","splunk engineer splunk, data analysis, log management, security, dashboards, alerting, scripting, linux, aws, azure implements splunk solutions for log analysis, security monitoring, and operational intelligence. responsible for creating dashboards/alerts and managing data ingestion."
36,.net developer,develops applications using .net framework technologies including c#. responsibilities include application design/development/testing.,".net, c#, asp.net, sql server, web api, mvc, entity framework, linq, git, cloud computing",".net developer .net, c#, asp.net, sql server, web api, mvc, entity framework, linq, git, cloud computing develops applications using .net framework technologies including c#. responsibilities include application design/development/testing."
37,accessibility specialist,"ensures digital content meets accessibility standards (e.g., wcag). conducts audits/reviews to improve accessibility compliance.","wcag, aria, accessibility testing, assistive technologies, html, css, javascript, ui/ux, ada compliance","accessibility specialist wcag, aria, accessibility testing, assistive technologies, html, css, javascript, ui/ux, ada compliance ensures digital content meets accessibility standards (e.g., wcag). conducts audits/reviews to improve accessibility compliance."
38,agile project manager,"manages agile projects by facilitating scrum ceremonies (e.g., sprint planning). ensures team adherence to agile principles/methodologies.","agile methodologies, scrum, kanban, project management, stakeholder management, communication, jira, confluence","agile project manager agile methodologies, scrum, kanban, project management, stakeholder management, communication, jira, confluence manages agile projects by facilitating scrum ceremonies (e.g., sprint planning). ensures team adherence to agile principles/methodologies."
39,android developer,develops mobile applications using android sdk/java/kotlin technologies while focusing on ui/ux design principles.,"android sdk, java, kotlin, ui/ux design, rest apis, sql, android studio, firebase, mobile development","android developer android sdk, java, kotlin, ui/ux design, rest apis, sql, android studio, firebase, mobile development develops mobile applications using android sdk/java/kotlin technologies while focusing on ui/ux design principles."
40,ansible automation engineer,automates it tasks using ansible playbooks/scripts while managing configurations across environments.,"ansible, automation, infrastructure as code, cloud computing, aws, azure, linux, python, scripting, networking","ansible automation engineer ansible, automation, infrastructure as code, cloud computing, aws, azure, linux, python, scripting, networking automates it tasks using ansible playbooks/scripts while managing configurations across environments."
41,appdynamics engineer,monitors application performance using appdynamics tools while providing insights into application health/performance metrics.,"appdynamics, application performance monitoring, troubleshooting, java, .net, cloud computing, metrics, alerting","appdynamics engineer appdynamics, application performance monitoring, troubleshooting, java, .net, cloud computing, metrics, alerting monitors application performance using appdynamics tools while providing insights into application health/performance metrics."
42,application security engineer,focuses on securing applications through vulnerability assessments/pentesting while implementing security best practices.,"application security, sast, dast, penetration testing, vulnerability management, owasp, secure coding, cloud security","application security engineer application security, sast, dast, penetration testing, vulnerability management, owasp, secure coding, cloud security focuses on securing applications through vulnerability assessments/pentesting while implementing security best practices."
43,artifactory engineer,manages artifactory repositories while integrating them into ci/cd pipelines to ensure efficient artifact management.,"artifactory, ci/cd, jenkins, maven, gradle, docker, build automation, version control, git, cloud computing, linux","artifactory engineer artifactory, ci/cd, jenkins, maven, gradle, docker, build automation, version control, git, cloud computing, linux manages artifactory repositories while integrating them into ci/cd pipelines to ensure efficient artifact management."
44,aws devops engineer,implements devops practices on aws platform while utilizing services like ec2/s3/lambda to automate deployments.,"aws, devops, ci/cd, terraform, ansible, cloudformation, docker, kubernetes, linux, automation, scripting","aws devops engineer aws, devops, ci/cd, terraform, ansible, cloudformation, docker, kubernetes, linux, automation, scripting implements devops practices on aws platform while utilizing services like ec2/s3/lambda to automate deployments."
45,aws solutions architect,designs scalable cloud architectures on aws platform while providing guidance on best practices/security compliance.,"aws, cloud architecture, aws lambda, ec2, s3, cloudformation, devops, terraform, security, cloud security, networking","aws solutions architect aws, cloud architecture, aws lambda, ec2, s3, cloudformation, devops, terraform, security, cloud security, networking designs scalable cloud architectures on aws platform while providing guidance on best practices/security compliance."
46,azure devops engineer,implements devops solutions on azure platform while utilizing azure devops services/tools to automate deployments.,"azure, devops, ci/cd, terraform, ansible, arm templates, docker, kubernetes, linux, automation, scripting","azure devops engineer azure, devops, ci/cd, terraform, ansible, arm templates, docker, kubernetes, linux, automation, scripting implements devops solutions on azure platform while utilizing azure devops services/tools to automate deployments."
47,bamboo engineer,"manages ci/cd processes using bamboo. responsibilities include configuring build plans, integrating with version control systems, and ensuring smooth deployment pipelines.","bamboo, ci/cd, atlassian suite, automation, scripting, build automation, version control, git","bamboo engineer bamboo, ci/cd, atlassian suite, automation, scripting, build automation, version control, git manages ci/cd processes using bamboo. responsibilities include configuring build plans, integrating with version control systems, and ensuring smooth deployment pipelines."
48,bitbucket engineer,"administers bitbucket repositories for version control. responsible for managing user permissions, branch strategies, and pull requests.","bitbucket, git, version control, ci/cd, atlassian suite, branching strategies, code review","bitbucket engineer bitbucket, git, version control, ci/cd, atlassian suite, branching strategies, code review administers bitbucket repositories for version control. responsible for managing user permissions, branch strategies, and pull requests."
49,blockchain developer,develops blockchain-based applications and smart contracts. requires knowledge of blockchain frameworks such as ethereum and programming languages like solidity.,"blockchain, ethereum, smart contracts, solidity, cryptocurrency, distributed ledger, consensus algorithms, web3, javascript, node.js","blockchain developer blockchain, ethereum, smart contracts, solidity, cryptocurrency, distributed ledger, consensus algorithms, web3, javascript, node.js develops blockchain-based applications and smart contracts. requires knowledge of blockchain frameworks such as ethereum and programming languages like solidity."
50,business systems analyst,analyzes business needs and translates them into technical requirements. works closely with stakeholders to improve processes and implement technology solutions.,"business analysis, requirements gathering, process improvement, stakeholder management, sql, data analysis, uml, bpmn","business systems analyst business analysis, requirements gathering, process improvement, stakeholder management, sql, data analysis, uml, bpmn analyzes business needs and translates them into technical requirements. works closely with stakeholders to improve processes and implement technology solutions."
51,c# developer,"develops applications using c# and .net technologies. responsibilities include designing, coding, testing, and debugging software applications.","c#, .net, asp.net, sql server, web api, mvc, entity framework, linq, git, cloud computing","c# developer c#, .net, asp.net, sql server, web api, mvc, entity framework, linq, git, cloud computing develops applications using c# and .net technologies. responsibilities include designing, coding, testing, and debugging software applications."
52,chef inspec engineer,utilizes chef inspec for compliance automation. responsible for writing tests to ensure systems meet security and compliance standards.,"chef inspec, compliance as code, automation, security, configuration management, linux, cloud computing","chef inspec engineer chef inspec, compliance as code, automation, security, configuration management, linux, cloud computing utilizes chef inspec for compliance automation. responsible for writing tests to ensure systems meet security and compliance standards."
53,cloud administrator,no description available,"cloud computing, aws, azure, google cloud, linux, networking, security, automation, scripting, virtualization","cloud administrator cloud computing, aws, azure, google cloud, linux, networking, security, automation, scripting, virtualization no description available"
54,cloud architect,designs cloud architecture solutions to meet business requirements. responsible for selecting appropriate cloud services and ensuring scalability/security.,"cloud architecture, aws, azure, google cloud, terraform, cloud security, networking, microservices, ci/cd, automation, docker, kubernetes","cloud architect cloud architecture, aws, azure, google cloud, terraform, cloud security, networking, microservices, ci/cd, automation, docker, kubernetes designs cloud architecture solutions to meet business requirements. responsible for selecting appropriate cloud services and ensuring scalability/security."
55,cloud automation engineer,automates cloud infrastructure management using tools like terraform or ansible. focuses on deploying resources efficiently across cloud environments.,"cloud computing, automation, terraform, ansible, python, scripting, ci/cd, aws, azure, google cloud","cloud automation engineer cloud computing, automation, terraform, ansible, python, scripting, ci/cd, aws, azure, google cloud automates cloud infrastructure management using tools like terraform or ansible. focuses on deploying resources efficiently across cloud environments."
56,cloud engineer,"builds and maintains cloud infrastructure. responsibilities include configuring cloud services, optimizing performance, and ensuring security compliance.","cloud computing, aws, azure, google cloud, linux, networking, security, automation, scripting, virtualization","cloud engineer cloud computing, aws, azure, google cloud, linux, networking, security, automation, scripting, virtualization builds and maintains cloud infrastructure. responsibilities include configuring cloud services, optimizing performance, and ensuring security compliance."
57,cloud network engineer,"designs and manages networking solutions within cloud environments. focuses on vpcs, subnets, routing configurations, and security groups.","cloud networking, aws, azure, google cloud, vpc, subnets, routing, security groups, firewalls","cloud network engineer cloud networking, aws, azure, google cloud, vpc, subnets, routing, security groups, firewalls designs and manages networking solutions within cloud environments. focuses on vpcs, subnets, routing configurations, and security groups."
58,cloud security engineer,"implements security measures for cloud environments. responsibilities include identity management, data protection, and compliance auditing.","cloud security, iam, identity and access management, encryption, aws, azure, gcp, vulnerability management, compliance","cloud security engineer cloud security, iam, identity and access management, encryption, aws, azure, gcp, vulnerability management, compliance implements security measures for cloud environments. responsibilities include identity management, data protection, and compliance auditing."
59,cnc programmer,creates cnc programs for machining operations. responsible for interpreting blueprints and optimizing tool paths for efficiency.,"cnc programming, g-code, cad/cam, machining, manufacturing processes, blueprints, toolpath optimization","cnc programmer cnc programming, g-code, cad/cam, machining, manufacturing processes, blueprints, toolpath optimization creates cnc programs for machining operations. responsible for interpreting blueprints and optimizing tool paths for efficiency."
60,coder,writes code in various programming languages to develop software applications. responsibilities include debugging and maintaining code quality.,"programming, algorithms, data structures, problem solving, debugging, software development","coder programming, algorithms, data structures, problem solving, debugging, software development writes code in various programming languages to develop software applications. responsibilities include debugging and maintaining code quality."
61,computer graphics animator,"creates animations using computer graphics software. responsibilities include modeling, rigging, and rendering 3d assets.","3d animation, 2d animation, motion graphics, adobe creative suite, maya, blender, storyboarding, visual effects","computer graphics animator 3d animation, 2d animation, motion graphics, adobe creative suite, maya, blender, storyboarding, visual effects creates animations using computer graphics software. responsibilities include modeling, rigging, and rendering 3d assets."
62,computer hardware engineer,"designs and tests hardware components for computers. responsibilities include circuit design, prototyping, and troubleshooting hardware issues.","hardware design, circuit design, embedded systems, microprocessors, pcb design, testing, validation","computer hardware engineer hardware design, circuit design, embedded systems, microprocessors, pcb design, testing, validation designs and tests hardware components for computers. responsibilities include circuit design, prototyping, and troubleshooting hardware issues."
63,computer network architect,designs network infrastructures to support organizational needs. responsible for selecting hardware/software solutions to optimize network performance.,"network design, routing, switching, security, lan/wan, tcp/ip, vpn, firewalls, cloud networking","computer network architect network design, routing, switching, security, lan/wan, tcp/ip, vpn, firewalls, cloud networking designs network infrastructures to support organizational needs. responsible for selecting hardware/software solutions to optimize network performance."
64,computer programmer,writes code to create software applications based on specifications. responsibilities include debugging code and collaborating with other developers.,"programming, algorithms, data structures, debugging, software development, python, java, c++","computer programmer programming, algorithms, data structures, debugging, software development, python, java, c++ writes code to create software applications based on specifications. responsibilities include debugging code and collaborating with other developers."
65,computer research scientist,conducts research in computing fields to develop new technologies or methodologies. publishes findings in academic journals and presents at conferences.,"research methods, data analysis, algorithms, machine learning, publications, scientific writing, programming","computer research scientist research methods, data analysis, algorithms, machine learning, publications, scientific writing, programming conducts research in computing fields to develop new technologies or methodologies. publishes findings in academic journals and presents at conferences."
66,computer systems analyst,analyzes computer systems to identify improvements in efficiency or functionality. works closely with stakeholders to gather requirements and implement solutions.,"system analysis, requirements gathering, data analysis, process improvement, uml, sql, stakeholder management","computer systems analyst system analysis, requirements gathering, data analysis, process improvement, uml, sql, stakeholder management analyzes computer systems to identify improvements in efficiency or functionality. works closely with stakeholders to gather requirements and implement solutions."
67,confluence engineer,"manages confluence as a collaboration tool within teams. responsibilities include configuring spaces, managing permissions, and supporting documentation efforts.","confluence, atlassian suite, collaboration, documentation, workflow configuration, user management","confluence engineer confluence, atlassian suite, collaboration, documentation, workflow configuration, user management manages confluence as a collaboration tool within teams. responsibilities include configuring spaces, managing permissions, and supporting documentation efforts."
68,consul engineer,implements service discovery solutions using hashicorp consul. responsible for configuring service mesh capabilities and ensuring application connectivity.,"consul, service discovery, configuration management, networking, automation, cloud computing","consul engineer consul, service discovery, configuration management, networking, automation, cloud computing implements service discovery solutions using hashicorp consul. responsible for configuring service mesh capabilities and ensuring application connectivity."
69,coverage.py engineer,utilizes coverage.py for measuring code coverage in python applications. responsible for implementing testing strategies to improve code quality.,"coverage.py, python, testing, code coverage, quality assurance, ci/cd","coverage.py engineer coverage.py, python, testing, code coverage, quality assurance, ci/cd utilizes coverage.py for measuring code coverage in python applications. responsible for implementing testing strategies to improve code quality."
70,data analyst,"analyzes data sets to extract insights that inform business decisions. proficient in sql, excel, and data visualization tools like tableau or power bi.","sql, excel, data visualization, power bi, python, r, statistics, data mining, data cleansing, tableau, etl, data modeling","data analyst sql, excel, data visualization, power bi, python, r, statistics, data mining, data cleansing, tableau, etl, data modeling analyzes data sets to extract insights that inform business decisions. proficient in sql, excel, and data visualization tools like tableau or power bi."
71,data engineer,"builds data pipelines to support analytics initiatives. requires expertise in etl processes, sql databases, and big data technologies.","sql, etl, data warehousing, python, spark, hadoop, cloud computing, data pipelines, data modeling","data engineer sql, etl, data warehousing, python, spark, hadoop, cloud computing, data pipelines, data modeling builds data pipelines to support analytics initiatives. requires expertise in etl processes, sql databases, and big data technologies."
72,data modeler,creates data models that define how data is stored within databases. works closely with architects to ensure alignment with business requirements.,"data modeling, sql, data warehousing, database design, er diagrams, data governance","data modeler data modeling, sql, data warehousing, database design, er diagrams, data governance creates data models that define how data is stored within databases. works closely with architects to ensure alignment with business requirements."
73,data scientist,utilizes statistical analysis and machine learning techniques to derive insights from complex datasets. proficient in programming languages like python or r.,"python, r, machine learning, data science, statistics, sql, hadoop, spark, data wrangling, data visualization, cloud computing","data scientist python, r, machine learning, data science, statistics, sql, hadoop, spark, data wrangling, data visualization, cloud computing utilizes statistical analysis and machine learning techniques to derive insights from complex datasets. proficient in programming languages like python or r."
74,database administrator,"responsible for managing database systems including installation, configuration, monitoring performance, backup/recovery procedures.","sql, database management, mysql, postgresql, oracle, database design, performance tuning, backup and recovery","database administrator sql, database management, mysql, postgresql, oracle, database design, performance tuning, backup and recovery responsible for managing database systems including installation, configuration, monitoring performance, backup/recovery procedures."
75,datadog engineer,implements monitoring solutions using datadog to track application performance metrics. responsible for configuring alerts/dashboards.,"datadog, monitoring, alerting, metrics, dashboards, cloud computing, linux, troubleshooting","datadog engineer datadog, monitoring, alerting, metrics, dashboards, cloud computing, linux, troubleshooting implements monitoring solutions using datadog to track application performance metrics. responsible for configuring alerts/dashboards."
76,developer,writes software applications based on specifications provided by stakeholders. collaborates with other developers on coding best practices.,"programming, algorithms, data structures, debugging, software development, python, java, c++","developer programming, algorithms, data structures, debugging, software development, python, java, c++ writes software applications based on specifications provided by stakeholders. collaborates with other developers on coding best practices."
79,devops manager,oversees devops teams responsible for automating software delivery processes while ensuring alignment with organizational goals.,"devops, team management, project management, ci/cd, cloud computing, automation, communication, leadership, budgeting","devops manager devops, team management, project management, ci/cd, cloud computing, automation, communication, leadership, budgeting oversees devops teams responsible for automating software delivery processes while ensuring alignment with organizational goals."
80,devsecops architect,integrates security practices into the devops process by designing secure ci/cd pipelines that meet compliance standards.,"devsecops, cloud security, kubernetes, docker, terraform, ansible, ci/cd, security automation, vulnerability management","devsecops architect devsecops, cloud security, kubernetes, docker, terraform, ansible, ci/cd, security automation, vulnerability management integrates security practices into the devops process by designing secure ci/cd pipelines that meet compliance standards."
81,devsecops engineer,implements security measures within the devops lifecycle by utilizing tools that automate security checks throughout development.,"devsecops, kubernetes, docker, cloud security, penetration testing, continuous security, ci/cd, aws, terraform, vulnerability scanning","devsecops engineer devsecops, kubernetes, docker, cloud security, penetration testing, continuous security, ci/cd, aws, terraform, vulnerability scanning implements security measures within the devops lifecycle by utilizing tools that automate security checks throughout development."
82,director of engineering,leads engineering teams while overseeing project management efforts across multiple initiatives within the organization.,"team management, project management, software development, agile methodologies, budgeting, communication, leadership","director of engineering team management, project management, software development, agile methodologies, budgeting, communication, leadership leads engineering teams while overseeing project management efforts across multiple initiatives within the organization."
83,docker engineer,manages containerization solutions using docker while ensuring efficient deployment of applications across environments.,"docker, containerization, kubernetes, ci/cd, linux, cloud computing, automation, networking","docker engineer docker, containerization, kubernetes, ci/cd, linux, cloud computing, automation, networking manages containerization solutions using docker while ensuring efficient deployment of applications across environments."
85,embedded software engineer,develops software for embedded systems by writing low-level code that interfaces directly with hardware components.,"embedded c, rtos, microcontrollers, firmware development, hardware design, communication protocols, testing","embedded software engineer embedded c, rtos, microcontrollers, firmware development, hardware design, communication protocols, testing develops software for embedded systems by writing low-level code that interfaces directly with hardware components."
86,entry level developer,assists in developing software applications under supervision while gaining experience in coding/debugging practices.,"javascript, java, python, git, sql, html, css, data structures, algorithms","entry level developer javascript, java, python, git, sql, html, css, data structures, algorithms assists in developing software applications under supervision while gaining experience in coding/debugging practices."
87,entry level network engineer,supports network infrastructure by assisting with configuration/troubleshooting tasks while gaining hands-on experience.,"networking, tcp/ip, routing, switching, linux, windows server, troubleshooting","entry level network engineer networking, tcp/ip, routing, switching, linux, windows server, troubleshooting supports network infrastructure by assisting with configuration/troubleshooting tasks while gaining hands-on experience."
88,entry level programmer,writes basic code under supervision while learning programming concepts/techniques through practical application.,"programming, algorithms, data structures, python, java, c++, debugging","entry level programmer programming, algorithms, data structures, python, java, c++, debugging writes basic code under supervision while learning programming concepts/techniques through practical application."
89,entry level software developer,assists in developing software applications while gaining experience in coding/debugging practices under supervision.,"javascript, java, python, git, sql, html, css, data structures, algorithms","entry level software developer javascript, java, python, git, sql, html, css, data structures, algorithms assists in developing software applications while gaining experience in coding/debugging practices under supervision."
90,entry level software engineer,participates in software development projects while gaining practical experience in coding/debugging under guidance.,"javascript, java, python, git, sql, html, css, data structures, algorithms","entry level software engineer javascript, java, python, git, sql, html, css, data structures, algorithms participates in software development projects while gaining practical experience in coding/debugging under guidance."
91,entry level web developer,assists in developing web applications while learning front-end/back-end technologies through practical experience.,"html, css, javascript, git, web development fundamentals, ui/ux basics","entry level web developer html, css, javascript, git, web development fundamentals, ui/ux basics assists in developing web applications while learning front-end/back-end technologies through practical experience."
92,envoy engineer,implements envoy proxy solutions within microservices architectures while focusing on traffic management/security policies.,"envoy, service mesh, networking, kubernetes, docker, cloud computing, traffic management, security","envoy engineer envoy, service mesh, networking, kubernetes, docker, cloud computing, traffic management, security implements envoy proxy solutions within microservices architectures while focusing on traffic management/security policies."
93,falco engineer,utilizes falco for runtime security monitoring of containerized applications while implementing threat detection mechanisms.,"falco, security, kubernetes, docker, cloud computing, threat detection, system monitoring","falco engineer falco, security, kubernetes, docker, cloud computing, threat detection, system monitoring utilizes falco for runtime security monitoring of containerized applications while implementing threat detection mechanisms."
94,fluentd engineer,configures fluentd as a log collector/aggregator while managing log ingestion pipelines into storage/analytics platforms.,"fluentd, log management, data collection, data processing, elasticsearch, kibana, cloud computing","fluentd engineer fluentd, log management, data collection, data processing, elasticsearch, kibana, cloud computing configures fluentd as a log collector/aggregator while managing log ingestion pipelines into storage/analytics platforms."
95,fortify engineer,conducts static/dynamic application security testing using fortify tools while identifying/remediating vulnerabilities within applications.,"fortify, static code analysis, security, vulnerability management, software development, java, .net","fortify engineer fortify, static code analysis, security, vulnerability management, software development, java, .net conducts static/dynamic application security testing using fortify tools while identifying/remediating vulnerabilities within applications."
96,frameworks specialist,"specializes in specific frameworks (e.g., react/angular) by developing applications based on best practices within those frameworks.","react, angular, vue.js, spring framework, django, framework development, javascript, java, python","frameworks specialist react, angular, vue.js, spring framework, django, framework development, javascript, java, python specializes in specific frameworks (e.g., react/angular) by developing applications based on best practices within those frameworks."
97,front end developer,"designs and develops user-facing features for web applications using html, css, and javascript. collaborates with ux/ui designers to implement responsive designs.","javascript, html, css, react, angular, vue.js, node.js, typescript, sass, ui/ux design","front end developer javascript, html, css, react, angular, vue.js, node.js, typescript, sass, ui/ux design designs and develops user-facing features for web applications using html, css, and javascript. collaborates with ux/ui designers to implement responsive designs."
98,front end web developer,creates and maintains the visual components of web applications. responsible for optimizing applications for maximum speed and scalability.,"javascript, html, css, react, angular, vue.js, node.js, typescript, sass, ui/ux design","front end web developer javascript, html, css, react, angular, vue.js, node.js, typescript, sass, ui/ux design creates and maintains the visual components of web applications. responsible for optimizing applications for maximum speed and scalability."
99,full stack developer,develops both front-end and back-end components of web applications. requires proficiency in multiple programming languages and frameworks.,"javascript, html, css, node.js, react, angular, express.js, mongodb, sql, python, django, devops, ci/cd","full stack developer javascript, html, css, node.js, react, angular, express.js, mongodb, sql, python, django, devops, ci/cd develops both front-end and back-end components of web applications. requires proficiency in multiple programming languages and frameworks."
100,full stack java developer/programmer/engineer,designs and develops full-stack applications using java technologies. responsible for both server-side logic and user interface design.,"java, spring framework, hibernate, j2ee, sql, rest apis, junit, maven, git, jenkins, cloud computing, microservices, javascript, html, css, react","full stack java developer/programmer/engineer java, spring framework, hibernate, j2ee, sql, rest apis, junit, maven, git, jenkins, cloud computing, microservices, javascript, html, css, react designs and develops full-stack applications using java technologies. responsible for both server-side logic and user interface design."
101,full stack python developer/programmer/engineer,"creates full-stack applications using python frameworks (e.g., django). responsible for developing both client-side and server-side components.","python, django, flask, rest apis, sql, data structures, algorithms, cloud computing, linux, docker, git, javascript, html, css, react","full stack python developer/programmer/engineer python, django, flask, rest apis, sql, data structures, algorithms, cloud computing, linux, docker, git, javascript, html, css, react creates full-stack applications using python frameworks (e.g., django). responsible for developing both client-side and server-side components."
102,game developer,"designs and develops video games across platforms. responsible for coding gameplay mechanics, graphics, and user interactions.","unity, c++, game design, game engines, c#, vr development, javascript, unreal engine","game developer unity, c++, game design, game engines, c#, vr development, javascript, unreal engine designs and develops video games across platforms. responsible for coding gameplay mechanics, graphics, and user interactions."
103,gcp devops engineer,"implements devops practices on google cloud platform. responsible for automating deployments, managing ci/cd pipelines, and ensuring system reliability.","google cloud, devops, ci/cd, terraform, ansible, docker, kubernetes, linux, automation, scripting","gcp devops engineer google cloud, devops, ci/cd, terraform, ansible, docker, kubernetes, linux, automation, scripting implements devops practices on google cloud platform. responsible for automating deployments, managing ci/cd pipelines, and ensuring system reliability."
104,gerrit engineer,manages gerrit code review system to facilitate collaborative development. responsibilities include configuring projects and managing user access.,"gerrit, git, code review, linux, automation, scripting, version control","gerrit engineer gerrit, git, code review, linux, automation, scripting, version control manages gerrit code review system to facilitate collaborative development. responsibilities include configuring projects and managing user access."
105,git engineer,"specializes in git version control systems. responsible for managing repositories, branching strategies, and ensuring code integrity during development.","git, version control, branching strategies, code review, ci/cd, automation, scripting","git engineer git, version control, branching strategies, code review, ci/cd, automation, scripting specializes in git version control systems. responsible for managing repositories, branching strategies, and ensuring code integrity during development."
106,github engineer,"manages github repositories for version control. responsibilities include setting up workflows, managing pull requests, and collaborating with teams.","github, git, version control, ci/cd, automation, scripting, github actions","github engineer github, git, version control, ci/cd, automation, scripting, github actions manages github repositories for version control. responsibilities include setting up workflows, managing pull requests, and collaborating with teams."
107,gitlab engineer,administers gitlab repositories for version control. responsible for configuring ci/cd pipelines and managing project settings.,"gitlab, git, version control, ci/cd, automation, scripting, gitlab ci","gitlab engineer gitlab, git, version control, ci/cd, automation, scripting, gitlab ci administers gitlab repositories for version control. responsible for configuring ci/cd pipelines and managing project settings."
108,gradle engineer,utilizes gradle build automation tools to manage project dependencies and build processes. responsible for optimizing build configurations.,"gradle, build automation, java, groovy, ci/cd, version control, git","gradle engineer gradle, build automation, java, groovy, ci/cd, version control, git utilizes gradle build automation tools to manage project dependencies and build processes. responsible for optimizing build configurations."
109,grafana engineer,implements grafana dashboards for data visualization. responsible for monitoring metrics from various sources to provide insights into system performance.,"grafana, data visualization, monitoring, alerting, metrics, dashboards, linux, cloud computing","grafana engineer grafana, data visualization, monitoring, alerting, metrics, dashboards, linux, cloud computing implements grafana dashboards for data visualization. responsible for monitoring metrics from various sources to provide insights into system performance."
110,groovy engineer,develops scripts using groovy programming language to automate tasks within java applications or build processes.,"groovy, scripting, jenkins, automation, java, build automation","groovy engineer groovy, scripting, jenkins, automation, java, build automation develops scripts using groovy programming language to automate tasks within java applications or build processes."
111,information architect,designs information systems that provide clear navigation structures for users. works on organizing content effectively across digital platforms.,"information architecture, ui/ux design, user research, wireframing, prototyping, content strategy","information architect information architecture, ui/ux design, user research, wireframing, prototyping, content strategy designs information systems that provide clear navigation structures for users. works on organizing content effectively across digital platforms."
112,information security analyst,protects an organization’s computer systems by implementing security measures. responsibilities include monitoring networks for security breaches.,"security, network security, firewalls, ids/ips, vulnerability management, penetration testing, security auditing","information security analyst security, network security, firewalls, ids/ips, vulnerability management, penetration testing, security auditing protects an organization’s computer systems by implementing security measures. responsibilities include monitoring networks for security breaches."
113,interaction designer,focuses on creating engaging interfaces that enhance user experience. responsibilities include conducting user research and usability testing.,"interaction design, ui/ux design, prototyping, user research, wireframing, usability testing","interaction designer interaction design, ui/ux design, prototyping, user research, wireframing, usability testing focuses on creating engaging interfaces that enhance user experience. responsibilities include conducting user research and usability testing."
114,ios developer,develops mobile applications for ios devices using swift or objective-c. responsible for implementing ui designs and ensuring app performance.,"swift, objective-c, ios sdk, xcode, ui/ux design, rest apis, sql, mobile development","ios developer swift, objective-c, ios sdk, xcode, ui/ux design, rest apis, sql, mobile development develops mobile applications for ios devices using swift or objective-c. responsible for implementing ui designs and ensuring app performance."
115,istio engineer,"implements service mesh solutions using istio to manage microservices communication. focuses on traffic management, security policies, and observability.","istio, service mesh, kubernetes, docker, cloud computing, networking, traffic management, security","istio engineer istio, service mesh, kubernetes, docker, cloud computing, networking, traffic management, security implements service mesh solutions using istio to manage microservices communication. focuses on traffic management, security policies, and observability."
116,it manager,"oversees it operations within an organization. responsibilities include managing it staff, budgeting, and ensuring alignment with business goals.","project management, team leadership, agile methodologies, budgeting, it infrastructure, networking, cloud computing, cybersecurity","it manager project management, team leadership, agile methodologies, budgeting, it infrastructure, networking, cloud computing, cybersecurity oversees it operations within an organization. responsibilities include managing it staff, budgeting, and ensuring alignment with business goals."
117,jacoco engineer,utilizes jacoco to measure code coverage in java applications. responsible for integrating coverage reporting into ci/cd pipelines.,"jacoco, code coverage, java, testing, quality assurance, ci/cd","jacoco engineer jacoco, code coverage, java, testing, quality assurance, ci/cd utilizes jacoco to measure code coverage in java applications. responsible for integrating coverage reporting into ci/cd pipelines."
118,java developer,"develops software applications using java programming language. responsibilities include writing code, debugging, and collaborating with team members on projects.","java, spring framework, hibernate, j2ee, sql, rest apis, junit, maven, git, jenkins, cloud computing, microservices","java developer java, spring framework, hibernate, j2ee, sql, rest apis, junit, maven, git, jenkins, cloud computing, microservices develops software applications using java programming language. responsibilities include writing code, debugging, and collaborating with team members on projects."
119,javascript developer,creates interactive web applications using javascript frameworks/libraries like react or angular. focuses on front-end development best practices.,"javascript, html, css, react, angular, vue.js, node.js, typescript, sass, ui/ux design","javascript developer javascript, html, css, react, angular, vue.js, node.js, typescript, sass, ui/ux design creates interactive web applications using javascript frameworks/libraries like react or angular. focuses on front-end development best practices."
121,jira engineer,"administers jira project management tool to support agile teams. responsibilities include configuring workflows, managing projects, and providing user support.","jira, atlassian suite, agile methodologies, workflow configuration, user management, project management","jira engineer jira, atlassian suite, agile methodologies, workflow configuration, user management, project management administers jira project management tool to support agile teams. responsibilities include configuring workflows, managing projects, and providing user support."
122,jr developer,assists in software development tasks under supervision while gaining practical experience in coding/debugging practices.,"javascript, java, python, git, sql, html, css, data structures, algorithms","jr developer javascript, java, python, git, sql, html, css, data structures, algorithms assists in software development tasks under supervision while gaining practical experience in coding/debugging practices."
123,junior developer,supports development teams by writing code under guidance while learning best practices in software development.,"javascript, java, python, git, sql, html, css, data structures, algorithms","junior developer javascript, java, python, git, sql, html, css, data structures, algorithms supports development teams by writing code under guidance while learning best practices in software development."
124,junior front end developer,assists in developing front-end components of web applications while learning html/css/javascript.,"javascript, html, css, react, vue.js, git, ui/ux basics","junior front end developer javascript, html, css, react, vue.js, git, ui/ux basics assists in developing front-end components of web applications while learning html/css/javascript."
125,junior ios developer,supports ios application development efforts while gaining hands-on experience with swift/objective-c.,"swift, objective-c, ios sdk, xcode, ui/ux basics, git","junior ios developer swift, objective-c, ios sdk, xcode, ui/ux basics, git supports ios application development efforts while gaining hands-on experience with swift/objective-c."
126,junior software developer,participates in software development projects while gaining practical experience through coding/debugging tasks.,"javascript, java, python, git, sql, html, css, data structures, algorithms","junior software developer javascript, java, python, git, sql, html, css, data structures, algorithms participates in software development projects while gaining practical experience through coding/debugging tasks."
127,junior software engineer,assists in engineering tasks related to software development while learning from experienced team members.,"javascript, java, python, git, sql, html, css, data structures, algorithms","junior software engineer javascript, java, python, git, sql, html, css, data structures, algorithms assists in engineering tasks related to software development while learning from experienced team members."
128,junior web developer,supports web development efforts by writing basic code under supervision while learning front-end/back-end technologies.,"html, css, javascript, git, web development fundamentals, ui/ux basics","junior web developer html, css, javascript, git, web development fundamentals, ui/ux basics supports web development efforts by writing basic code under supervision while learning front-end/back-end technologies."
129,junit engineer,utilizes junit framework to write unit tests for java applications. responsibilities include ensuring code quality through automated testing.,"junit, java, testing, unit testing, test automation, ci/cd","junit engineer junit, java, testing, unit testing, test automation, ci/cd utilizes junit framework to write unit tests for java applications. responsibilities include ensuring code quality through automated testing."
130,kubernetes administrator,"manages and maintains kubernetes clusters, ensuring high availability, scalability, and security of containerized applications. works closely with devops, development, and it teams to deploy, troubleshoot, and optimize kubernetes-based infrastructure.","kubernetes, docker, linux, cloud computing, aws, azure, networking, ci/cd, automation, security","kubernetes administrator kubernetes, docker, linux, cloud computing, aws, azure, networking, ci/cd, automation, security manages and maintains kubernetes clusters, ensuring high availability, scalability, and security of containerized applications. works closely with devops, development, and it teams to deploy, troubleshoot, and optimize kubernetes-based infrastructure."
131,kubernetes engineer,designs and implements kubernetes solutions for container orchestration while ensuring high availability of services.,"kubernetes, docker, linux, cloud computing, aws, azure, networking, ci/cd, automation, security","kubernetes engineer kubernetes, docker, linux, cloud computing, aws, azure, networking, ci/cd, automation, security designs and implements kubernetes solutions for container orchestration while ensuring high availability of services."
133,maven engineer,manages build processes using maven for java applications. responsibilities include configuring pom.xml files and optimizing build performance.,"maven, java, build automation, dependency management, ci/cd, version control, git","maven engineer maven, java, build automation, dependency management, ci/cd, version control, git manages build processes using maven for java applications. responsibilities include configuring pom.xml files and optimizing build performance."
134,micro services / api lead designer,"responsible for architecting, designing, and leading the development of scalable, secure, and efficient microservices-based applications. collaborate closely with engineering, devops, and product teams to define api strategies, ensure seamless integration, and optimize system performance.","microservices, api design, rest apis, soa, cloud computing, java, python, security","micro services / api lead designer microservices, api design, rest apis, soa, cloud computing, java, python, security responsible for architecting, designing, and leading the development of scalable, secure, and efficient microservices-based applications. collaborate closely with engineering, devops, and product teams to define api strategies, ensure seamless integration, and optimize system performance."
135,mobile app developer,develops mobile applications for platforms like android and ios. responsibilities include designing user interfaces and integrating backend services.,"android sdk, java, kotlin, ios, swift, objective-c, react native, flutter, mobile development, ui/ux design","mobile app developer android sdk, java, kotlin, ios, swift, objective-c, react native, flutter, mobile development, ui/ux design develops mobile applications for platforms like android and ios. responsibilities include designing user interfaces and integrating backend services."
136,mobile application developer,creates mobile applications using frameworks like react native or flutter. focuses on delivering high-quality user experiences across devices.,"android sdk, java, kotlin, ios, swift, objective-c, react native, flutter, mobile development, ui/ux design","mobile application developer android sdk, java, kotlin, ios, swift, objective-c, react native, flutter, mobile development, ui/ux design creates mobile applications using frameworks like react native or flutter. focuses on delivering high-quality user experiences across devices."
137,mulesoft developer,designs and develops integration solutions using mulesoft anypoint platform. responsible for creating apis and managing data flows between systems.,"mulesoft, anypoint platform, api development, integration, java, rest apis, soa","mulesoft developer mulesoft, anypoint platform, api development, integration, java, rest apis, soa designs and develops integration solutions using mulesoft anypoint platform. responsible for creating apis and managing data flows between systems."
138,nagios engineer,implements nagios monitoring solutions to track system performance and availability. responsible for configuring alerts and managing monitoring plugins.,"nagios, monitoring, linux, scripting, alerting, system administration, networking","nagios engineer nagios, monitoring, linux, scripting, alerting, system administration, networking implements nagios monitoring solutions to track system performance and availability. responsible for configuring alerts and managing monitoring plugins."
139,network and systems administrator,"manages network infrastructure and systems to ensure operational efficiency. responsibilities include troubleshooting, maintenance, and user support.","networking, linux, windows server, troubleshooting, scripting, automation, system administration","network and systems administrator networking, linux, windows server, troubleshooting, scripting, automation, system administration manages network infrastructure and systems to ensure operational efficiency. responsibilities include troubleshooting, maintenance, and user support."
140,network engineer,"designs, implements, and manages network solutions to ensure reliable connectivity. responsibilities include configuring routers/switches and monitoring network performance.","tcp/ip, lan/wan, routing, switching, firewalls, vpn, cisco, security, networking protocols","network engineer tcp/ip, lan/wan, routing, switching, firewalls, vpn, cisco, security, networking protocols designs, implements, and manages network solutions to ensure reliable connectivity. responsibilities include configuring routers/switches and monitoring network performance."
141,new grad software engineer,entry-level position focused on software development tasks while gaining practical experience in coding/debugging under supervision.,"javascript, java, python, git, sql, html, css, data structures, algorithms","new grad software engineer javascript, java, python, git, sql, html, css, data structures, algorithms entry-level position focused on software development tasks while gaining practical experience in coding/debugging under supervision."
142,new relic engineer,"utilizes new relic for application performance monitoring. responsibilities include configuring dashboards, analyzing metrics, and optimizing application performance.","new relic, application performance monitoring, troubleshooting, java, .net, cloud computing, metrics, alerting","new relic engineer new relic, application performance monitoring, troubleshooting, java, .net, cloud computing, metrics, alerting utilizes new relic for application performance monitoring. responsibilities include configuring dashboards, analyzing metrics, and optimizing application performance."
143,nexus engineer,manages nexus repository for artifact management in ci/cd pipelines. responsible for configuring repositories and ensuring efficient artifact storage.,"nexus, artifact repository, maven, gradle, docker, ci/cd, build automation","nexus engineer nexus, artifact repository, maven, gradle, docker, ci/cd, build automation manages nexus repository for artifact management in ci/cd pipelines. responsible for configuring repositories and ensuring efficient artifact storage."
144,nomad engineer,implements nomad for workload orchestration across distributed systems. responsibilities include managing job definitions and ensuring service availability.,"nomad, container orchestration, docker, linux, cloud computing, automation, networking","nomad engineer nomad, container orchestration, docker, linux, cloud computing, automation, networking implements nomad for workload orchestration across distributed systems. responsibilities include managing job definitions and ensuring service availability."
145,notary engineer,utilizes notary for secure signing of container images. responsible for implementing trust management within containerized environments.,"notary, security, docker, container security, cryptography, trust management","notary engineer notary, security, docker, container security, cryptography, trust management utilizes notary for secure signing of container images. responsible for implementing trust management within containerized environments."
146,octopus deploy engineer,manages deployment processes using octopus deploy. responsibilities include configuring deployment projects and automating release workflows.,"octopus deploy, deployment automation, ci/cd, .net, powershell, scripting, cloud computing","octopus deploy engineer octopus deploy, deployment automation, ci/cd, .net, powershell, scripting, cloud computing manages deployment processes using octopus deploy. responsibilities include configuring deployment projects and automating release workflows."
147,openshift engineer,"administers openshift container platform for deploying applications. responsibilities include managing clusters, scaling applications, and ensuring uptime.","openshift, kubernetes, docker, linux, cloud computing, ci/cd, automation, security","openshift engineer openshift, kubernetes, docker, linux, cloud computing, ci/cd, automation, security administers openshift container platform for deploying applications. responsibilities include managing clusters, scaling applications, and ensuring uptime."
148,openstack engineer,implements openstack solutions for cloud infrastructure management. responsible for deploying services and managing virtualized resources.,"openstack, cloud computing, virtualization, networking, linux, automation, scripting","openstack engineer openstack, cloud computing, virtualization, networking, linux, automation, scripting implements openstack solutions for cloud infrastructure management. responsible for deploying services and managing virtualized resources."
149,oracle developer,"develops applications using oracle technologies including pl/sql. responsibilities include database design, coding, testing, and optimization.","oracle, sql, pl/sql, database design, performance tuning, etl","oracle developer oracle, sql, pl/sql, database design, performance tuning, etl develops applications using oracle technologies including pl/sql. responsibilities include database design, coding, testing, and optimization."
150,oracle sql developer,"utilizes oracle sql developer to manage database development tasks including writing queries, creating reports, and optimizing database performance.","oracle sql developer, sql, pl/sql, database development, performance tuning, etl","oracle sql developer oracle sql developer, sql, pl/sql, database development, performance tuning, etl utilizes oracle sql developer to manage database development tasks including writing queries, creating reports, and optimizing database performance."
151,packer engineer,uses packer to automate the creation of machine images across platforms. responsible for maintaining image templates and ensuring consistency in deployments.,"packer, infrastructure as code, cloud computing, automation, aws, azure, google cloud","packer engineer packer, infrastructure as code, cloud computing, automation, aws, azure, google cloud uses packer to automate the creation of machine images across platforms. responsible for maintaining image templates and ensuring consistency in deployments."
152,php developer,"develops web applications using php programming language. responsibilities include coding, debugging, and collaborating with front-end developers on integrations.","php, mysql, laravel, javascript, css, html, restful apis, symfony, git","php developer php, mysql, laravel, javascript, css, html, restful apis, symfony, git develops web applications using php programming language. responsibilities include coding, debugging, and collaborating with front-end developers on integrations."
153,powershell engineer,utilizes powershell scripting to automate administrative tasks in windows environments. responsible for writing scripts to manage system configurations.,"powershell, scripting, automation, windows server, cloud computing, active directory","powershell engineer powershell, scripting, automation, windows server, cloud computing, active directory utilizes powershell scripting to automate administrative tasks in windows environments. responsible for writing scripts to manage system configurations."
154,product manager,"oversees product development from conception to launch. responsibilities include defining product vision, gathering requirements, and coordinating cross-functional teams.","product management, agile methodologies, user research, roadmap planning, stakeholder management, communication","product manager product management, agile methodologies, user research, roadmap planning, stakeholder management, communication oversees product development from conception to launch. responsibilities include defining product vision, gathering requirements, and coordinating cross-functional teams."
155,programmer,writes code to develop software applications based on specifications provided by stakeholders. collaborates with other developers on coding best practices.,"programming, algorithms, data structures, debugging, software development, python, java, c++","programmer programming, algorithms, data structures, debugging, software development, python, java, c++ writes code to develop software applications based on specifications provided by stakeholders. collaborates with other developers on coding best practices."
156,programmer analyst,"analyzes business requirements to develop software solutions. responsibilities include coding, testing, debugging, and providing technical support.","programming, data analysis, requirements gathering, sql, data modeling, process improvement","programmer analyst programming, data analysis, requirements gathering, sql, data modeling, process improvement analyzes business requirements to develop software solutions. responsibilities include coding, testing, debugging, and providing technical support."
157,prometheus engineer,implements prometheus monitoring solutions to track application performance metrics. responsible for configuring alerts/dashboards based on metrics collected.,"prometheus, monitoring, alerting, metrics, kubernetes, docker, cloud computing","prometheus engineer prometheus, monitoring, alerting, metrics, kubernetes, docker, cloud computing implements prometheus monitoring solutions to track application performance metrics. responsible for configuring alerts/dashboards based on metrics collected."
158,puppet engineer,utilizes puppet for configuration management tasks across environments. responsibilities include writing manifests/scripts to automate system configurations.,"puppet, ruby, automation, configuration management, linux, cloud computing, aws, azure, infrastructure as code","puppet engineer puppet, ruby, automation, configuration management, linux, cloud computing, aws, azure, infrastructure as code utilizes puppet for configuration management tasks across environments. responsibilities include writing manifests/scripts to automate system configurations."
159,pytest engineer,uses pytest framework to write unit tests for python applications. responsible for ensuring code quality through automated testing practices.,"pytest, python, testing, unit testing, test automation, ci/cd","pytest engineer pytest, python, testing, unit testing, test automation, ci/cd uses pytest framework to write unit tests for python applications. responsible for ensuring code quality through automated testing practices."
160,python developer,"develops software applications using python programming language. responsibilities include writing code, debugging issues, and collaborating with other developers.","python, django, flask, rest apis, sql, data structures, algorithms, cloud computing, linux, docker, git","python developer python, django, flask, rest apis, sql, data structures, algorithms, cloud computing, linux, docker, git develops software applications using python programming language. responsibilities include writing code, debugging issues, and collaborating with other developers."
161,qa engineer,implements testing strategies to ensure software quality through manual/automated testing methods while collaborating with development teams on quality standards.,"automation testing, selenium, junit, testng, ci/cd, python, git, jenkins, test automation, agile testing, performance testing","qa engineer automation testing, selenium, junit, testng, ci/cd, python, git, jenkins, test automation, agile testing, performance testing implements testing strategies to ensure software quality through manual/automated testing methods while collaborating with development teams on quality standards."
162,react developer,develops user interfaces using react.js framework. responsibilities include implementing responsive designs and optimizing application performance.,"javascript, react, html, css, node.js, redux, ui/ux design, git","react developer javascript, react, html, css, node.js, redux, ui/ux design, git develops user interfaces using react.js framework. responsibilities include implementing responsive designs and optimizing application performance."
163,robotics engineer,designs robotic systems by developing software/hardware components that enable robots to perform tasks autonomously or semi-autonomously.,"robotics, c++, python, ros, embedded systems, control systems, sensors, actuators","robotics engineer robotics, c++, python, ros, embedded systems, control systems, sensors, actuators designs robotic systems by developing software/hardware components that enable robots to perform tasks autonomously or semi-autonomously."
164,ruby on rails developer,develops web applications using ruby on rails framework while focusing on back-end logic/integrating front-end components.,"ruby on rails, ruby, sql, html, css, javascript, rest apis, git","ruby on rails developer ruby on rails, ruby, sql, html, css, javascript, rest apis, git develops web applications using ruby on rails framework while focusing on back-end logic/integrating front-end components."
165,salesforce developer,customizes salesforce platform by developing applications/components using apex/visualforce while ensuring alignment with business processes.,"salesforce, apex, visualforce, lightning, soql, salesforce administration, rest apis","salesforce developer salesforce, apex, visualforce, lightning, soql, salesforce administration, rest apis customizes salesforce platform by developing applications/components using apex/visualforce while ensuring alignment with business processes."
166,search engine optimization,no description available,"seo, keyword research, on-page optimization, off-page optimization, content marketing, analytics","search engine optimization seo, keyword research, on-page optimization, off-page optimization, content marketing, analytics no description available"
167,security specialist,protects organizational data by implementing security measures. responsibilities include conducting risk assessments and responding to security incidents.,"security, network security, firewalls, ids/ips, vulnerability management, penetration testing, security auditing","security specialist security, network security, firewalls, ids/ips, vulnerability management, penetration testing, security auditing protects organizational data by implementing security measures. responsibilities include conducting risk assessments and responding to security incidents."
168,selenium engineer,"designs and develops automated test scripts using selenium. responsibilities include creating test plans, executing tests, and reporting defects.","selenium, test automation, java, python, webdriver, ci/cd, testing frameworks","selenium engineer selenium, test automation, java, python, webdriver, ci/cd, testing frameworks designs and develops automated test scripts using selenium. responsibilities include creating test plans, executing tests, and reporting defects."
169,senior ansible development engineer,leads development efforts for ansible-based automation solutions. responsibilities include mentoring junior engineers and designing complex playbooks.,"ansible, automation, infrastructure as code, cloud computing, aws, azure, linux, python, scripting, networking, leadership","senior ansible development engineer ansible, automation, infrastructure as code, cloud computing, aws, azure, linux, python, scripting, networking, leadership leads development efforts for ansible-based automation solutions. responsibilities include mentoring junior engineers and designing complex playbooks."
170,senior cloud architect,designs and implements cloud solutions at a senior level. responsibilities include cloud strategy development and providing guidance on cloud best practices.,"cloud architecture, aws, azure, google cloud, microservices, kubernetes, docker, security, leadership","senior cloud architect cloud architecture, aws, azure, google cloud, microservices, kubernetes, docker, security, leadership designs and implements cloud solutions at a senior level. responsibilities include cloud strategy development and providing guidance on cloud best practices."
171,senior devops architect,leads devops initiatives at an architectural level by designing ci/cd pipelines and promoting automation across development teams.,"cloud computing, aws, azure, google cloud, docker, kubernetes, terraform, ansible, ci/cd, automation, security, networking, leadership","senior devops architect cloud computing, aws, azure, google cloud, docker, kubernetes, terraform, ansible, ci/cd, automation, security, networking, leadership leads devops initiatives at an architectural level by designing ci/cd pipelines and promoting automation across development teams."
173,senior devsecops architect,integrates security into devops practices at an architectural level by designing secure ci/cd pipelines and implementing security best practices.,"devsecops, cloud security, kubernetes, docker, terraform, ansible, ci/cd, security automation, vulnerability management, leadership","senior devsecops architect devsecops, cloud security, kubernetes, docker, terraform, ansible, ci/cd, security automation, vulnerability management, leadership integrates security into devops practices at an architectural level by designing secure ci/cd pipelines and implementing security best practices."
174,senior sre architect,leads sre efforts at an architectural level by designing scalable/reliable systems while improving incident response strategies.,"sre, monitoring, kubernetes, docker, cloud platforms, linux, automation, devops, ci/cd, python, networking, leadership","senior sre architect sre, monitoring, kubernetes, docker, cloud platforms, linux, automation, devops, ci/cd, python, networking, leadership leads sre efforts at an architectural level by designing scalable/reliable systems while improving incident response strategies."
175,senior sre engineer,drives site reliability efforts by implementing monitoring solutions and automating incident response. responsible for improving service availability.,"sre, monitoring, kubernetes, docker, cloud platforms, linux, automation, devops, ci/cd, python, networking, leadership","senior sre engineer sre, monitoring, kubernetes, docker, cloud platforms, linux, automation, devops, ci/cd, python, networking, leadership drives site reliability efforts by implementing monitoring solutions and automating incident response. responsible for improving service availability."
176,sharepoint developer,develops applications on sharepoint platform using technologies like .net and javascript. responsibilities include customizing sharepoint sites and building web parts.,"sharepoint, .net, c#, javascript, powershell, sharepoint framework, rest apis","sharepoint developer sharepoint, .net, c#, javascript, powershell, sharepoint framework, rest apis develops applications on sharepoint platform using technologies like .net and javascript. responsibilities include customizing sharepoint sites and building web parts."
177,software developer,"develops software applications based on specifications provided by stakeholders. responsibilities include coding, testing, debugging, and collaborating on projects.","programming, algorithms, data structures, debugging, software development, python, java, c++","software developer programming, algorithms, data structures, debugging, software development, python, java, c++ develops software applications based on specifications provided by stakeholders. responsibilities include coding, testing, debugging, and collaborating on projects."
178,software engineer,"designs, develops, and tests software applications to meet business needs. requires strong problem-solving skills and knowledge of software development methodologies.","java, c++, python, algorithms, data structures, software design, git, jenkins, ci/cd, cloud computing","software engineer java, c++, python, algorithms, data structures, software design, git, jenkins, ci/cd, cloud computing designs, develops, and tests software applications to meet business needs. requires strong problem-solving skills and knowledge of software development methodologies."
179,sonarqube engineer,manages sonarqube instance to measure/track code quality. responsible for configuring quality profiles/gates while providing feedback to development teams.,"sonarqube, code quality, static code analysis, java, .net, security, ci/cd","sonarqube engineer sonarqube, code quality, static code analysis, java, .net, security, ci/cd manages sonarqube instance to measure/track code quality. responsible for configuring quality profiles/gates while providing feedback to development teams."
181,splunk enterprise security engineer,manages splunk enterprise security environment to detect/respond to security incidents. requires expertise in threat detection techniques.,"splunk enterprise security, security information and event management (siem), threat detection, incident response, security analysis","splunk enterprise security engineer splunk enterprise security, security information and event management (siem), threat detection, incident response, security analysis manages splunk enterprise security environment to detect/respond to security incidents. requires expertise in threat detection techniques."
182,sql developer,"writes sql code for database applications. responsibilities include creating stored procedures, optimizing queries, and designing database schemas.","sql, t-sql, sql server, database design, performance tuning, etl, ssrs, ssis, data modeling","sql developer sql, t-sql, sql server, database design, performance tuning, etl, ssrs, ssis, data modeling writes sql code for database applications. responsibilities include creating stored procedures, optimizing queries, and designing database schemas."
183,sre architect,designs site reliability engineering strategies to improve system reliability while reducing operational overheads through automation.,"sre, cloud architecture, kubernetes, docker, monitoring, incident management, automation, ci/cd, networking","sre architect sre, cloud architecture, kubernetes, docker, monitoring, incident management, automation, ci/cd, networking designs site reliability engineering strategies to improve system reliability while reducing operational overheads through automation."
184,sre engineer,"implements site reliability engineering practices by monitoring systems, responding to incidents, and automating operational tasks.","sre, monitoring, kubernetes, docker, cloud platforms, linux, automation, devops, ci/cd, python","sre engineer sre, monitoring, kubernetes, docker, cloud platforms, linux, automation, devops, ci/cd, python implements site reliability engineering practices by monitoring systems, responding to incidents, and automating operational tasks."
185,systems administrator,"manages computer systems within an organization. responsibilities include configuring servers, troubleshooting issues, and ensuring system security.","linux administration, windows server administration, networking, troubleshooting, scripting, virtualization","systems administrator linux administration, windows server administration, networking, troubleshooting, scripting, virtualization manages computer systems within an organization. responsibilities include configuring servers, troubleshooting issues, and ensuring system security."
186,systems engineer,"designs and implements it systems that meet business requirements. responsibilities include system integration, testing, and deployment.","systems design, linux administration, windows server administration, networking, cloud computing","systems engineer systems design, linux administration, windows server administration, networking, cloud computing designs and implements it systems that meet business requirements. responsibilities include system integration, testing, and deployment."
187,teamcity engineer,manages teamcity ci/cd server by configuring build configurations/pipelines and integrating with source control systems.,"teamcity, ci/cd, build automation, version control, git","teamcity engineer teamcity, ci/cd, build automation, version control, git manages teamcity ci/cd server by configuring build configurations/pipelines and integrating with source control systems."
188,tech sales engineer,supports sales efforts by providing technical expertise during presentations/demonstrations while answering questions about technical aspects.,"technical sales, product knowledge, customer engagement, networking technologies","tech sales engineer technical sales, product knowledge, customer engagement, networking technologies supports sales efforts by providing technical expertise during presentations/demonstrations while answering questions about technical aspects."
189,technical account manager,manages relationships with technical customers while providing support/guidance on their technology needs. acts as a liaison between customer/engineering teams.,"account management, technical support, customer relationship management (crm), project management","technical account manager account management, technical support, customer relationship management (crm), project management manages relationships with technical customers while providing support/guidance on their technology needs. acts as a liaison between customer/engineering teams."
190,technical lead,leads technical teams on projects by providing guidance/mentorship while driving technical direction/decisions within projects.,"team leadership, project management, software development lifecycle (sdlc), agile methodologies","technical lead team leadership, project management, software development lifecycle (sdlc), agile methodologies leads technical teams on projects by providing guidance/mentorship while driving technical direction/decisions within projects."
191,terraform engineer,writes terraform scripts to automate infrastructure provisioning across cloud platforms. requires expertise in infrastructure as code (iac) practices.,"terraform, infrastructure as code (iac), aws, azure, google cloud","terraform engineer terraform, infrastructure as code (iac), aws, azure, google cloud writes terraform scripts to automate infrastructure provisioning across cloud platforms. requires expertise in infrastructure as code (iac) practices."
192,tfs engineer,manages team foundation server (tfs) to support software development processes. responsibilities include configuring build pipelines and managing version control.,"tfs (team foundation server), .net development tools, .net framework","tfs engineer tfs (team foundation server), .net development tools, .net framework manages team foundation server (tfs) to support software development processes. responsibilities include configuring build pipelines and managing version control."
193,udeploy engineer,manages deployment processes using urbancode deploy. responsibilities include configuring deployment projects and automating release workflows.,"udeploy (urbancode deploy), ci/cd, automation, deployment strategies, version control","udeploy engineer udeploy (urbancode deploy), ci/cd, automation, deployment strategies, version control manages deployment processes using urbancode deploy. responsibilities include configuring deployment projects and automating release workflows."
194,ui designer,designs user interfaces that are visually appealing while intuitive to use. responsibilities include creating mockups/prototypes and conducting user research.,"ui design principles, wireframing, prototyping, adobe creative suite, figma, user testing","ui designer ui design principles, wireframing, prototyping, adobe creative suite, figma, user testing designs user interfaces that are visually appealing while intuitive to use. responsibilities include creating mockups/prototypes and conducting user research."
195,ui developer,"develops user interfaces using html5, css3, javascript while focusing on responsive design principles. collaborates with ui designers to implement designs.","html5, css3, javascript, jquery, responsive design, angularjs, reactjs","ui developer html5, css3, javascript, jquery, responsive design, angularjs, reactjs develops user interfaces using html5, css3, javascript while focusing on responsive design principles. collaborates with ui designers to implement designs."
196,unity developer,develops interactive content with unity engine including 3d simulations while working with assets created by graphic designers,"unity3d engine, c#, game development principles, 3d modeling, animation","unity developer unity3d engine, c#, game development principles, 3d modeling, animation develops interactive content with unity engine including 3d simulations while working with assets created by graphic designers"
197,ux designer,conducts user research studies to gather insights on user behavior. create wireframes/mockups based on data collected from research initiatives,"user experience design principles, user research, wireframing, prototyping, usability testing, interaction design","ux designer user experience design principles, user research, wireframing, prototyping, usability testing, interaction design conducts user research studies to gather insights on user behavior. create wireframes/mockups based on data collected from research initiatives"
198,vault engineer,implement secret management to the cloud application.,"hashicorp vault, secrets management, encryption, access control, cloud security","vault engineer hashicorp vault, secrets management, encryption, access control, cloud security implement secret management to the cloud application."
199,web designer (ui/ux designer),"create front end web application using html, css, js.","ui/ux design, wireframing, prototyping, adobe creative suite, figma","web designer (ui/ux designer) ui/ux design, wireframing, prototyping, adobe creative suite, figma create front end web application using html, css, js."
200,web developer,"develops and maintains websites and web applications. responsibilities include writing code, debugging, and ensuring optimal performance across different browsers and devices.","html5, css3, javascript, react, node.js, angularjs, php","web developer html5, css3, javascript, react, node.js, angularjs, php develops and maintains websites and web applications. responsibilities include writing code, debugging, and ensuring optimal performance across different browsers and devices."
201,wordpress developer,"creates and customizes wordpress websites. responsibilities include developing themes/plugins, managing content, and ensuring website functionality.","wordpress, php, mysql, html5, css3, javascript","wordpress developer wordpress, php, mysql, html5, css3, javascript creates and customizes wordpress websites. responsibilities include developing themes/plugins, managing content, and ensuring website functionality."
202,xl deploy engineer,"manages deployment processes using xl deploy. responsibilities include configuring deployment pipelines, automating releases, and ensuring application availability.","xl deploy, deployment automation, ci/cd, version control","xl deploy engineer xl deploy, deployment automation, ci/cd, version control manages deployment processes using xl deploy. responsibilities include configuring deployment pipelines, automating releases, and ensuring application availability."
203,zabbix engineer,"implements zabbix monitoring solutions to track system performance and availability. responsible for configuring alerts, dashboards, and monitoring metrics.","zabbix, monitoring tools, alerting systems, network monitoring","zabbix engineer zabbix, monitoring tools, alerting systems, network monitoring implements zabbix monitoring solutions to track system performance and availability. responsible for configuring alerts, dashboards, and monitoring metrics."
204,accessibility specialist,"ensures digital products meet accessibility standards, enhancing usability for all users.","web accessibility guidelines, html, css, javascript, user experience design","accessibility specialist web accessibility guidelines, html, css, javascript, user experience design ensures digital products meet accessibility standards, enhancing usability for all users."
205,admin big data,"administers and manages large datasets, ensuring data integrity and accessibility.","big data management, hadoop, spark, data warehousing, sql","admin big data big data management, hadoop, spark, data warehousing, sql administers and manages large datasets, ensuring data integrity and accessibility."
206,agile project manager,"leads projects using agile frameworks, focusing on iterative development and team collaboration.","agile methodologies, scrum, kanban, project management tools, leadership","agile project manager agile methodologies, scrum, kanban, project management tools, leadership leads projects using agile frameworks, focusing on iterative development and team collaboration."
207,android developer,"develops mobile applications for android devices, integrating features and ensuring user experience.","java, kotlin, android sdk, mobile app development, ui/ux design","android developer java, kotlin, android sdk, mobile app development, ui/ux design develops mobile applications for android devices, integrating features and ensuring user experience."
208,ansible automation engineer,"designs and implements automation solutions using ansible, streamlining it processes.","ansible, automation scripts, linux, networking, cloud computing","ansible automation engineer ansible, automation scripts, linux, networking, cloud computing designs and implements automation solutions using ansible, streamlining it processes."
209,application security engineer,develops secure applications by integrating security measures and testing vulnerabilities.,"security protocols, penetration testing, secure coding practices, compliance","application security engineer security protocols, penetration testing, secure coding practices, compliance develops secure applications by integrating security measures and testing vulnerabilities."
210,artifactory administrator,"manages artifact repositories, ensuring efficient deployment and version control.","artifactory, repository management, devops tools, ci/cd pipelines","artifactory administrator artifactory, repository management, devops tools, ci/cd pipelines manages artifact repositories, ensuring efficient deployment and version control."
211,artifactory engineer,configures and optimizes artifactory for efficient software deployment and management.,"artifactory, devops practices, continuous integration, software packaging","artifactory engineer artifactory, devops practices, continuous integration, software packaging configures and optimizes artifactory for efficient software deployment and management."
212,artificial intelligence / machine learning leader,"leads ai/ml projects, developing strategies and overseeing teams to integrate ai solutions.","ai/ml frameworks, leadership, strategic planning, data science","artificial intelligence / machine learning leader ai/ml frameworks, leadership, strategic planning, data science leads ai/ml projects, developing strategies and overseeing teams to integrate ai solutions."
213,artificial intelligence / machine learning sr.leader,"leads senior ai/ml projects, sets strategic direction, and manages teams.","advanced ai/ml, leadership, strategic vision, team management","artificial intelligence / machine learning sr.leader advanced ai/ml, leadership, strategic vision, team management leads senior ai/ml projects, sets strategic direction, and manages teams."
214,artificial intelligence architect,"designs and implements ai systems architecture, ensuring scalability and efficiency.","ai/ml frameworks, system architecture, cloud computing, data modeling","artificial intelligence architect ai/ml frameworks, system architecture, cloud computing, data modeling designs and implements ai systems architecture, ensuring scalability and efficiency."
215,artificial intelligence researcher,"conducts research to advance ai technologies, develops new algorithms, and publishes findings.","research methodologies, ai/ml algorithms, python, data analysis","artificial intelligence researcher research methodologies, ai/ml algorithms, python, data analysis conducts research to advance ai technologies, develops new algorithms, and publishes findings."
216,aws devops engineer,"implements devops practices on aws, automating processes and ensuring system reliability.","aws services, devops practices, ci/cd pipelines, automation","aws devops engineer aws services, devops practices, ci/cd pipelines, automation implements devops practices on aws, automating processes and ensuring system reliability."
217,aws solutions architect,"designs scalable and cost-effective solutions on aws, ensuring alignment with business needs.","aws services, cloud architecture, solution design, cost optimization","aws solutions architect aws services, cloud architecture, solution design, cost optimization designs scalable and cost-effective solutions on aws, ensuring alignment with business needs."
218,azure devops engineer,"implements devops practices on azure, automating processes and ensuring system reliability.","azure services, devops practices, ci/cd pipelines, automation","azure devops engineer azure services, devops practices, ci/cd pipelines, automation implements devops practices on azure, automating processes and ensuring system reliability."
219,bamboo engineer,configures and manages bamboo for continuous integration and delivery.,"bamboo, ci/cd pipelines, build automation, software configuration management","bamboo engineer bamboo, ci/cd pipelines, build automation, software configuration management configures and manages bamboo for continuous integration and delivery."
220,big data architect,"designs and oversees big data solutions, ensuring scalability and performance.","big data technologies, hadoop, spark, data warehousing, system design","big data architect big data technologies, hadoop, spark, data warehousing, system design designs and oversees big data solutions, ensuring scalability and performance."
221,big data engineer,"develops and maintains big data infrastructure, ensuring data quality and accessibility.","hadoop, spark, etl processes, data processing, database management","big data engineer hadoop, spark, etl processes, data processing, database management develops and maintains big data infrastructure, ensuring data quality and accessibility."
222,big data specialist,analyzes and interprets large datasets to provide insights and support decision-making.,"big data technologies, data analysis, sql, data mining","big data specialist big data technologies, data analysis, sql, data mining analyzes and interprets large datasets to provide insights and support decision-making."
223,bitbucket engineer,manages and configures bitbucket for efficient version control and collaboration.,"bitbucket, git, version control, ci/cd integration","bitbucket engineer bitbucket, git, version control, ci/cd integration manages and configures bitbucket for efficient version control and collaboration."
224,blockchain developer,"develops blockchain applications and smart contracts, ensuring security and functionality.","blockchain technologies, solidity, cryptography, smart contracts","blockchain developer blockchain technologies, solidity, cryptography, smart contracts develops blockchain applications and smart contracts, ensuring security and functionality."
225,build and release engineer,"manages build and release processes, ensuring smooth and reliable software deployments.","ci/cd pipelines, build systems, automation, configuration management","build and release engineer ci/cd pipelines, build systems, automation, configuration management manages build and release processes, ensuring smooth and reliable software deployments."
226,build engineer,"develops and maintains build systems, automating software compilation and testing.","build systems, scripting, automation, software configuration management","build engineer build systems, scripting, automation, software configuration management develops and maintains build systems, automating software compilation and testing."
227,business systems analyst,"analyzes business processes and system requirements, providing solutions to improve efficiency.","requirements gathering, process analysis, system design, documentation","business systems analyst requirements gathering, process analysis, system design, documentation analyzes business processes and system requirements, providing solutions to improve efficiency."
228,c# developer,"develops applications using c# and the .net framework, focusing on functionality and performance.","c#, .net framework, asp.net, software development, object-oriented programming","c# developer c#, .net framework, asp.net, software development, object-oriented programming develops applications using c# and the .net framework, focusing on functionality and performance."
229,chef inspec engineer,automates compliance and infrastructure testing using chef inspec.,"chef inspec, compliance automation, infrastructure testing, ruby","chef inspec engineer chef inspec, compliance automation, infrastructure testing, ruby automates compliance and infrastructure testing using chef inspec."
230,chef operations engineer,manages infrastructure and automates processes using chef.,"chef, automation, infrastructure management, ruby","chef operations engineer chef, automation, infrastructure management, ruby manages infrastructure and automates processes using chef."
231,cloud administrator,"manages and maintains cloud infrastructure, ensuring availability and performance.","cloud platforms, system administration, virtualization, networking","cloud administrator cloud platforms, system administration, virtualization, networking manages and maintains cloud infrastructure, ensuring availability and performance."
232,cloud architect,designs and oversees the implementation of cloud computing strategies.,"cloud platforms, system architecture, cloud security, devops","cloud architect cloud platforms, system architecture, cloud security, devops designs and oversees the implementation of cloud computing strategies."
233,cloud automation engineer,automates cloud infrastructure and deployment processes.,"cloud automation tools, scripting, configuration management, devops","cloud automation engineer cloud automation tools, scripting, configuration management, devops automates cloud infrastructure and deployment processes."
234,cloud network engineer,designs and manages cloud network infrastructure.,"cloud networking, virtual networks, network security, cloud platforms","cloud network engineer cloud networking, virtual networks, network security, cloud platforms designs and manages cloud network infrastructure."
235,cloud security engineer,implements and manages security measures for cloud environments.,"cloud security, security protocols, compliance, cloud platforms","cloud security engineer cloud security, security protocols, compliance, cloud platforms implements and manages security measures for cloud environments."
236,cnc programmer,develops programs for cnc machines used in manufacturing.,"cnc machines, cad/cam software, g-code, manufacturing processes","cnc programmer cnc machines, cad/cam software, g-code, manufacturing processes develops programs for cnc machines used in manufacturing."
237,coder,writes and tests code for software applications.,"programming languages, scripting, problem solving, software development","coder programming languages, scripting, problem solving, software development writes and tests code for software applications."
238,computer graphics animator,creates animations and visual effects for various media.,"animation software, 3d modeling, visual effects, graphic design","computer graphics animator animation software, 3d modeling, visual effects, graphic design creates animations and visual effects for various media."
239,computer hardware engineer,designs and develops computer hardware components and systems.,"hardware design, circuit design, embedded systems, testing","computer hardware engineer hardware design, circuit design, embedded systems, testing designs and develops computer hardware components and systems."
240,computer network architect,designs and plans computer networks.,"network design, network protocols, security, system architecture","computer network architect network design, network protocols, security, system architecture designs and plans computer networks."
241,computer programmer,writes and tests code to create software programs.,"programming languages, algorithms, software development, debugging","computer programmer programming languages, algorithms, software development, debugging writes and tests code to create software programs."
242,computer research scientist,conducts research in computer science and develops new technologies.,"research methodologies, data analysis, programming, scientific writing","computer research scientist research methodologies, data analysis, programming, scientific writing conducts research in computer science and develops new technologies."
243,computer systems analyst,analyzes computer systems and recommends improvements.,"systems analysis, requirements gathering, process improvement, it consulting","computer systems analyst systems analysis, requirements gathering, process improvement, it consulting analyzes computer systems and recommends improvements."
244,confluence engineer,manages and configures confluence for team collaboration.,"confluence, atlassian suite, documentation, collaboration tools","confluence engineer confluence, atlassian suite, documentation, collaboration tools manages and configures confluence for team collaboration."
245,consul engineer,manages and deploys consul for service discovery.,"consul, service discovery, infrastructure automation, networking","consul engineer consul, service discovery, infrastructure automation, networking manages and deploys consul for service discovery."
246,coverage.py engineer,implements and manages code coverage tools for python projects.,"coverage.py, python testing, test coverage analysis, software quality","coverage.py engineer coverage.py, python testing, test coverage analysis, software quality implements and manages code coverage tools for python projects."
247,data analyst,analyzes data to identify trends and insights.,"data analysis, sql, data visualization, statistical analysis","data analyst data analysis, sql, data visualization, statistical analysis analyzes data to identify trends and insights."
248,data architect,designs and manages data storage and retrieval systems.,"data modeling, database design, etl processes, data warehousing","data architect data modeling, database design, etl processes, data warehousing designs and manages data storage and retrieval systems."
249,data engineer,develops and maintains data pipelines and infrastructure.,"etl processes, data warehousing, big data technologies, database management","data engineer etl processes, data warehousing, big data technologies, database management develops and maintains data pipelines and infrastructure."
250,data modeler,creates and maintains data models.,"data modeling techniques, database design, data governance, data analysis","data modeler data modeling techniques, database design, data governance, data analysis creates and maintains data models."
251,data scientist,applies machine learning and statistical techniques to analyze data.,"machine learning, statistical analysis, data mining, programming","data scientist machine learning, statistical analysis, data mining, programming applies machine learning and statistical techniques to analyze data."
252,database administrator,manages and maintains databases.,"database management, sql, performance tuning, backup and recovery","database administrator database management, sql, performance tuning, backup and recovery manages and maintains databases."
253,datadog engineer,implements and manages datadog for system monitoring.,"datadog, monitoring, system performance, cloud infrastructure","datadog engineer datadog, monitoring, system performance, cloud infrastructure implements and manages datadog for system monitoring."
254,devops architect,designs and implements devops strategies and infrastructure.,"devops practices, cloud computing, automation, system architecture","devops architect devops practices, cloud computing, automation, system architecture designs and implements devops strategies and infrastructure."
255,devops engineer,automates software development and deployment processes.,"automation, ci/cd, cloud computing, scripting","devops engineer automation, ci/cd, cloud computing, scripting automates software development and deployment processes."
256,devops manager,manages devops teams and projects.,"devops practices, team leadership, project management, automation","devops manager devops practices, team leadership, project management, automation manages devops teams and projects."
257,devsecops architect,designs and implements devsecops strategies and infrastructure.,"devsecops practices, security automation, cloud security, system architecture","devsecops architect devsecops practices, security automation, cloud security, system architecture designs and implements devsecops strategies and infrastructure."
258,devsecops engineer,integrates security practices into devops processes.,"security automation, ci/cd, cloud security, scripting","devsecops engineer security automation, ci/cd, cloud security, scripting integrates security practices into devops processes."
259,director of engineering,leads and manages engineering teams and projects.,"leadership, software development, project management, team management","director of engineering leadership, software development, project management, team management leads and manages engineering teams and projects."
260,docker engineer,manages and deploys docker containers.,"docker, containerization, orchestration, devops","docker engineer docker, containerization, orchestration, devops manages and deploys docker containers."
261,elk engineer,manages and configures the elk stack for log analysis and monitoring.,"elk stack, log management, data analysis, system monitoring","elk engineer elk stack, log management, data analysis, system monitoring manages and configures the elk stack for log analysis and monitoring."
262,embedded software engineer,develops software for embedded systems.,"embedded systems, c/c++, firmware development, hardware interfaces","embedded software engineer embedded systems, c/c++, firmware development, hardware interfaces develops software for embedded systems."
263,entry level developer,entry-level position focused on learning and developing software skills.,"programming basics, software development, problem solving, learning agility","entry level developer programming basics, software development, problem solving, learning agility entry-level position focused on learning and developing software skills."
264,entry level network engineer,entry-level position focused on learning and assisting with network operations.,"networking basics, troubleshooting, system administration, learning agility","entry level network engineer networking basics, troubleshooting, system administration, learning agility entry-level position focused on learning and assisting with network operations."
265,entry level programmer,entry-level position focused on learning and developing software skills.,"programming basics, software development, problem solving, learning agility","entry level programmer programming basics, software development, problem solving, learning agility entry-level position focused on learning and developing software skills."
266,entry level web developer,entry-level position focused on learning and developing web development skills.,"html, css, javascript, basic web development, learning agility","entry level web developer html, css, javascript, basic web development, learning agility entry-level position focused on learning and developing web development skills."
267,envoy engineer,configures and manages envoy proxy for service mesh architectures.,"envoy proxy, service mesh, load balancing, networking","envoy engineer envoy proxy, service mesh, load balancing, networking configures and manages envoy proxy for service mesh architectures."
268,falco engineer,implements and manages falco for runtime security monitoring.,"falco, kubernetes security, cloud security, system monitoring","falco engineer falco, kubernetes security, cloud security, system monitoring implements and manages falco for runtime security monitoring."
269,fluentd engineer,configures and manages fluentd for log aggregation and analysis.,"fluentd, log aggregation, data collection, system monitoring","fluentd engineer fluentd, log aggregation, data collection, system monitoring configures and manages fluentd for log aggregation and analysis."
270,fortify engineer,implements and manages fortify for static code analysis and application security.,"fortify, static code analysis, application security, secure coding","fortify engineer fortify, static code analysis, application security, secure coding implements and manages fortify for static code analysis and application security."
271,frameworks specialist,specializes in designing and implementing software frameworks.,"software frameworks, programming languages, problem solving, system design","frameworks specialist software frameworks, programming languages, problem solving, system design specializes in designing and implementing software frameworks."
272,front end developer,develops the user interface and front-end components of web applications.,"html, css, javascript, ui/ux design, responsive design","front end developer html, css, javascript, ui/ux design, responsive design develops the user interface and front-end components of web applications."
273,full stack developer,develops both the front-end and back-end components of web applications.,"html, css, javascript, back-end technologies, database management","full stack developer html, css, javascript, back-end technologies, database management develops both the front-end and back-end components of web applications."
274,full stack java developer/programmer/engineer,develops full-stack applications using java technologies.,"java, spring, hibernate, html, css, javascript","full stack java developer/programmer/engineer java, spring, hibernate, html, css, javascript develops full-stack applications using java technologies."
275,full stack python developer/programmer/engineer,develops full-stack applications using python technologies.,"python, django, flask, html, css, javascript","full stack python developer/programmer/engineer python, django, flask, html, css, javascript develops full-stack applications using python technologies."
276,game developer,develops video games for various platforms.,"c++, c#, game engines, 3d modeling, game design","game developer c++, c#, game engines, 3d modeling, game design develops video games for various platforms."
277,gcp devops engineer,"implements devops practices on google cloud platform, automating processes and ensuring system reliability.","google cloud platform, devops practices, ci/cd pipelines, automation","gcp devops engineer google cloud platform, devops practices, ci/cd pipelines, automation implements devops practices on google cloud platform, automating processes and ensuring system reliability."
278,gerrit administrator,administers and manages gerrit for code review processes.,"gerrit, code review, git, version control","gerrit administrator gerrit, code review, git, version control administers and manages gerrit for code review processes."
279,git engineer,manages and configures git for efficient version control.,"git, version control, branching strategies, collaboration","git engineer git, version control, branching strategies, collaboration manages and configures git for efficient version control."
280,github engineer,manages and configures github for efficient collaboration and ci/cd.,"github, git, collaboration tools, ci/cd integration","github engineer github, git, collaboration tools, ci/cd integration manages and configures github for efficient collaboration and ci/cd."
281,gitlab engineer,manages and configures gitlab for efficient devops workflows.,"gitlab, git, ci/cd pipelines, devops practices","gitlab engineer gitlab, git, ci/cd pipelines, devops practices manages and configures gitlab for efficient devops workflows."
282,gradle engineer,configures and manages gradle for build automation.,"gradle, build automation, java, software configuration management","gradle engineer gradle, build automation, java, software configuration management configures and manages gradle for build automation."
283,grafana engineer,configures and manages grafana for data visualization and monitoring.,"grafana, data visualization, monitoring, system performance","grafana engineer grafana, data visualization, monitoring, system performance configures and manages grafana for data visualization and monitoring."
284,groovy engineer,develops automation scripts and applications using groovy.,"groovy, scripting, automation, software development","groovy engineer groovy, scripting, automation, software development develops automation scripts and applications using groovy."
285,information architect,designs information structures to enhance usability and findability.,"information architecture, user experience design, content strategy, taxonomy","information architect information architecture, user experience design, content strategy, taxonomy designs information structures to enhance usability and findability."
286,information security analyst,protects computer systems and networks from security threats.,"security protocols, threat analysis, compliance, incident response","information security analyst security protocols, threat analysis, compliance, incident response protects computer systems and networks from security threats."
287,interaction designer,designs interactive user interfaces and experiences.,"interaction design, user research, prototyping, usability testing","interaction designer interaction design, user research, prototyping, usability testing designs interactive user interfaces and experiences."
288,ios developer,"develops mobile applications for ios devices, integrating features and ensuring user experience.","swift, objective-c, ios sdk, mobile app development, ui/ux design","ios developer swift, objective-c, ios sdk, mobile app development, ui/ux design develops mobile applications for ios devices, integrating features and ensuring user experience."
289,istio engineer,configures and manages istio for service mesh architectures.,"istio, service mesh, traffic management, security","istio engineer istio, service mesh, traffic management, security configures and manages istio for service mesh architectures."
290,it manager,"manages it teams and projects, ensuring efficient operations.","it management, team leadership, project management, budgeting","it manager it management, team leadership, project management, budgeting manages it teams and projects, ensuring efficient operations."
291,jacoco engineer,implements and manages code coverage tools for java projects.,"jacoco, code coverage, java testing, software quality","jacoco engineer jacoco, code coverage, java testing, software quality implements and manages code coverage tools for java projects."
292,java developer,"develops applications using java and related technologies, focusing on functionality and performance.","java, spring, hibernate, software development, object-oriented programming","java developer java, spring, hibernate, software development, object-oriented programming develops applications using java and related technologies, focusing on functionality and performance."
293,jenkins engineer,configures and manages jenkins for continuous integration and delivery.,"jenkins, ci/cd pipelines, build automation, devops practices","jenkins engineer jenkins, ci/cd pipelines, build automation, devops practices configures and manages jenkins for continuous integration and delivery."
294,jira administrator,administers and configures jira for project management and issue tracking.,"jira, atlassian suite, workflow configuration, project management","jira administrator jira, atlassian suite, workflow configuration, project management administers and configures jira for project management and issue tracking."
295,junior front end developer,entry-level position focused on learning and developing front-end web development skills.,"html, css, javascript, basic web development, learning agility","junior front end developer html, css, javascript, basic web development, learning agility entry-level position focused on learning and developing front-end web development skills."
296,junior ios developer,entry-level position focused on learning and developing ios app development skills.,"swift, objective-c, ios sdk, basic mobile app development, learning agility","junior ios developer swift, objective-c, ios sdk, basic mobile app development, learning agility entry-level position focused on learning and developing ios app development skills."
297,junit engineer,implements and manages junit for java testing and test automation.,"junit, java testing, test automation, software quality","junit engineer junit, java testing, test automation, software quality implements and manages junit for java testing and test automation."
298,kubernetes operations engineer,"manages and operates kubernetes clusters, ensuring system reliability and scalability.","kubernetes, container orchestration, cloud computing, devops practices","kubernetes operations engineer kubernetes, container orchestration, cloud computing, devops practices manages and operates kubernetes clusters, ensuring system reliability and scalability."
299,machine learning architect,designs and implements scalable machine learning infrastructure and solutions.,"machine learning algorithms, system architecture, cloud computing, data modeling","machine learning architect machine learning algorithms, system architecture, cloud computing, data modeling designs and implements scalable machine learning infrastructure and solutions."
300,machine learning engineer,develops and deploys machine learning models for various applications.,"machine learning algorithms, python, data analysis, model deployment","machine learning engineer machine learning algorithms, python, data analysis, model deployment develops and deploys machine learning models for various applications."
301,maven engineer,configures and manages maven for build automation in java projects.,"maven, build automation, java, software configuration management","maven engineer maven, build automation, java, software configuration management configures and manages maven for build automation in java projects."
302,mobile app developer,develops mobile applications for ios and android platforms.,"mobile app development, ios/android sdks, ui/ux design, programming languages","mobile app developer mobile app development, ios/android sdks, ui/ux design, programming languages develops mobile applications for ios and android platforms."
303,mulesoft developer,develops and integrates applications using the mulesoft anypoint platform.,"mulesoft anypoint platform, api integration, java, integration patterns","mulesoft developer mulesoft anypoint platform, api integration, java, integration patterns develops and integrates applications using the mulesoft anypoint platform."
304,nagios engineer,configures and manages nagios for system and network monitoring.,"nagios, system monitoring, linux, networking","nagios engineer nagios, system monitoring, linux, networking configures and manages nagios for system and network monitoring."
305,network and systems administrator,manages and maintains network and server infrastructure.,"networking, system administration, linux/windows servers, troubleshooting","network and systems administrator networking, system administration, linux/windows servers, troubleshooting manages and maintains network and server infrastructure."
306,network engineer,"designs, implements, and manages network infrastructure.","networking protocols, cisco/juniper devices, network security, troubleshooting","network engineer networking protocols, cisco/juniper devices, network security, troubleshooting designs, implements, and manages network infrastructure."
307,new relic engineer,configures and manages new relic for application performance monitoring.,"new relic, application performance monitoring, troubleshooting, cloud computing","new relic engineer new relic, application performance monitoring, troubleshooting, cloud computing configures and manages new relic for application performance monitoring."
308,nexus engineer,manages and configures nexus repository manager for artifact storage and retrieval.,"nexus repository manager, artifact management, devops practices","nexus engineer nexus repository manager, artifact management, devops practices manages and configures nexus repository manager for artifact storage and retrieval."
309,nomad engineer,configures and manages nomad for container orchestration and infrastructure automation.,"nomad, container orchestration, hashicorp tools, infrastructure automation","nomad engineer nomad, container orchestration, hashicorp tools, infrastructure automation configures and manages nomad for container orchestration and infrastructure automation."
310,notary engineer,implements and manages notary for ensuring container image security.,"notary, container security, docker, cryptography","notary engineer notary, container security, docker, cryptography implements and manages notary for ensuring container image security."
311,octopus deploy engineer,configures and manages octopus deploy for automating application deployments.,"octopus deploy, deployment automation, .net, powershell","octopus deploy engineer octopus deploy, deployment automation, .net, powershell configures and manages octopus deploy for automating application deployments."
312,openshift engineer,manages and configures openshift for container orchestration and application deployment.,"openshift, kubernetes, containerization, devops practices","openshift engineer openshift, kubernetes, containerization, devops practices manages and configures openshift for container orchestration and application deployment."
313,openstack engineer,implements and manages openstack cloud infrastructure.,"openstack, cloud computing, virtualization, system administration","openstack engineer openstack, cloud computing, virtualization, system administration implements and manages openstack cloud infrastructure."
314,operations engineer,"manages and maintains systems and infrastructure, ensuring reliable operation.","system administration, linux/windows servers, troubleshooting, scripting","operations engineer system administration, linux/windows servers, troubleshooting, scripting manages and maintains systems and infrastructure, ensuring reliable operation."
315,oracle developer,develops database applications using oracle technologies.,"oracle database, sql, pl/sql, database development","oracle developer oracle database, sql, pl/sql, database development develops database applications using oracle technologies."
316,oracle sql developer,develops and optimizes sql queries and database schemas in oracle environments.,"oracle sql, pl/sql, data modeling, database design","oracle sql developer oracle sql, pl/sql, data modeling, database design develops and optimizes sql queries and database schemas in oracle environments."
317,packer engineer,creates machine images using packer for consistent infrastructure deployment.,"packer, infrastructure as code, cloud computing, automation","packer engineer packer, infrastructure as code, cloud computing, automation creates machine images using packer for consistent infrastructure deployment."
318,php developer,develops web applications using php and related technologies.,"php, mysql, web development, frameworks (laravel, symfony)","php developer php, mysql, web development, frameworks (laravel, symfony) develops web applications using php and related technologies."
319,powershell engineer,develops automation scripts and tools using powershell for windows environments.,"powershell, automation, windows server administration, scripting","powershell engineer powershell, automation, windows server administration, scripting develops automation scripts and tools using powershell for windows environments."
320,principle engineer in artificial intelligence,"leads and designs ai/ml solutions, providing technical guidance and strategic direction.","ai/ml architecture, leadership, strategic planning, deep learning","principle engineer in artificial intelligence ai/ml architecture, leadership, strategic planning, deep learning leads and designs ai/ml solutions, providing technical guidance and strategic direction."
321,principle engineer in big data,"leads and designs big data solutions, providing technical expertise and guidance.","big data architecture, hadoop, spark, data warehousing","principle engineer in big data big data architecture, hadoop, spark, data warehousing leads and designs big data solutions, providing technical expertise and guidance."
322,principle engineer in data analysis,"leads data analysis initiatives, providing expertise and guidance on analytical techniques.","data analysis, statistical modeling, data visualization, leadership","principle engineer in data analysis data analysis, statistical modeling, data visualization, leadership leads data analysis initiatives, providing expertise and guidance on analytical techniques."
323,principle engineer in machine learning,"leads machine learning initiatives, providing expertise and guidance on model development and deployment.","machine learning algorithms, model development, deployment, leadership","principle engineer in machine learning machine learning algorithms, model development, deployment, leadership leads machine learning initiatives, providing expertise and guidance on model development and deployment."
324,product manager,"defines and manages product strategy, gathering requirements and prioritizing features.","product strategy, market analysis, requirements gathering, product roadmap","product manager product strategy, market analysis, requirements gathering, product roadmap defines and manages product strategy, gathering requirements and prioritizing features."
325,production support engineer,"provides technical support for production systems, resolving incidents and ensuring stability.","troubleshooting, incident management, system monitoring, technical support","production support engineer troubleshooting, incident management, system monitoring, technical support provides technical support for production systems, resolving incidents and ensuring stability."
326,puppet operations engineer,manages and automates infrastructure configuration using puppet.,"puppet, configuration management, automation, infrastructure as code","puppet operations engineer puppet, configuration management, automation, infrastructure as code manages and automates infrastructure configuration using puppet."
327,senior build and release engineer,"manages build and release processes, ensuring smooth and reliable software deployments.","ci/cd pipelines, build systems, automation, configuration management","senior build and release engineer ci/cd pipelines, build systems, automation, configuration management manages build and release processes, ensuring smooth and reliable software deployments."
328,senior build engineer,"develops and maintains build systems, automating software compilation and testing.","build systems, scripting, automation, software configuration management","senior build engineer build systems, scripting, automation, software configuration management develops and maintains build systems, automating software compilation and testing."
329,senior devops engineer,"leads devops initiatives, designing and implementing automation solutions.","devops practices, cloud computing, automation, system architecture","senior devops engineer devops practices, cloud computing, automation, system architecture leads devops initiatives, designing and implementing automation solutions."
330,site reliability engineer (kubernetes â€ï¿½ docker),ensures the reliability and performance of systems running on kubernetes and docker.,"kubernetes, docker, system reliability, automation, monitoring","site reliability engineer (kubernetes â€ï¿½ docker) kubernetes, docker, system reliability, automation, monitoring ensures the reliability and performance of systems running on kubernetes and docker."
331,splunk engineer,"configures and manages splunk for log analysis, monitoring, and security insights.","splunk, log management, data analysis, system monitoring","splunk engineer splunk, log management, data analysis, system monitoring configures and manages splunk for log analysis, monitoring, and security insights."
332,xl deploy engineer,configures and manages xl deploy for automating application deployments.,"xl deploy, deployment automation, devops practices, configuration management","xl deploy engineer xl deploy, deployment automation, devops practices, configuration management configures and manages xl deploy for automating application deployments."
333,zabbix engineer,"configures and manages zabbix for monitoring systems, networks, and applications.","zabbix, system monitoring, network monitoring, alerting","zabbix engineer zabbix, system monitoring, network monitoring, alerting configures and manages zabbix for monitoring systems, networks, and applications."
334,api developer,develops and implements apis for integrating systems and applications.,"api design, restful services, programming languages, security","api developer api design, restful services, programming languages, security develops and implements apis for integrating systems and applications."
335,automation specialist,designs and implements automation solutions to improve efficiency and reduce manual effort.,"automation tools, scripting, process improvement, testing","automation specialist automation tools, scripting, process improvement, testing designs and implements automation solutions to improve efficiency and reduce manual effort."
336,business intelligence analyst,analyzes data to provide insights and support business decision-making.,"data analysis, sql, data visualization, business acumen","business intelligence analyst data analysis, sql, data visualization, business acumen analyzes data to provide insights and support business decision-making."
337,cloud migration specialist,"plans and executes cloud migration projects, ensuring smooth transitions.","cloud platforms, migration tools, system migration, project management","cloud migration specialist cloud platforms, migration tools, system migration, project management plans and executes cloud migration projects, ensuring smooth transitions."
338,cybersecurity analyst,protects computer systems and networks from cyber threats.,"security protocols, threat analysis, compliance, incident response","cybersecurity analyst security protocols, threat analysis, compliance, incident response protects computer systems and networks from cyber threats."
339,data quality engineer,"ensures data quality by profiling, monitoring, and improving data accuracy and consistency.","data quality tools, data profiling, sql, data governance","data quality engineer data quality tools, data profiling, sql, data governance ensures data quality by profiling, monitoring, and improving data accuracy and consistency."
340,digital transformation consultant,"advises organizations on digital transformation initiatives, driving innovation and efficiency.","digital strategy, technology consulting, business process improvement, change management","digital transformation consultant digital strategy, technology consulting, business process improvement, change management advises organizations on digital transformation initiatives, driving innovation and efficiency."
341,e-commerce developer,develops and maintains e-commerce websites and applications.,"e-commerce platforms, web development, payment gateways, security","e-commerce developer e-commerce platforms, web development, payment gateways, security develops and maintains e-commerce websites and applications."
342,embedded systems engineer,"develops software for embedded systems, integrating hardware and software components.","embedded systems, c/c++, firmware development, hardware interfaces","embedded systems engineer embedded systems, c/c++, firmware development, hardware interfaces develops software for embedded systems, integrating hardware and software components."
343,erp consultant,"consults on erp system implementation, customization, and support.","erp systems, business process analysis, implementation, training","erp consultant erp systems, business process analysis, implementation, training consults on erp system implementation, customization, and support."
344,geographic information systems (gis) analyst,analyzes spatial data using gis software to create maps and provide insights.,"gis software, spatial analysis, cartography, data visualization","geographic information systems (gis) analyst gis software, spatial analysis, cartography, data visualization analyzes spatial data using gis software to create maps and provide insights."
345,help desk technician,"provides technical support to end-users, resolving hardware and software issues.","technical support, troubleshooting, customer service, hardware/software","help desk technician technical support, troubleshooting, customer service, hardware/software provides technical support to end-users, resolving hardware and software issues."
346,identity and access management specialist,"manages identity and access control systems, ensuring secure access to resources.","iam systems, security protocols, authentication, authorization","identity and access management specialist iam systems, security protocols, authentication, authorization manages identity and access control systems, ensuring secure access to resources."
347,infrastructure architect,"designs and plans it infrastructure, ensuring scalability, reliability, and security.","system architecture, cloud computing, networking, security","infrastructure architect system architecture, cloud computing, networking, security designs and plans it infrastructure, ensuring scalability, reliability, and security."
348,internet of things (iot) developer,"develops applications for iot devices and platforms, connecting devices and analyzing data.","iot platforms, embedded systems, sensor technology, programming languages","internet of things (iot) developer iot platforms, embedded systems, sensor technology, programming languages develops applications for iot devices and platforms, connecting devices and analyzing data."
349,it auditor,conducts it audits to ensure compliance and identify security risks.,"it auditing, compliance, risk management, security","it auditor it auditing, compliance, risk management, security conducts it audits to ensure compliance and identify security risks."
350,java architect,"designs and leads the development of java-based systems, ensuring scalability and maintainability.","java, system architecture, design patterns, cloud computing","java architect java, system architecture, design patterns, cloud computing designs and leads the development of java-based systems, ensuring scalability and maintainability."
351,linux administrator,"manages and maintains linux servers, ensuring system stability and security.","linux servers, system administration, scripting, troubleshooting","linux administrator linux servers, system administration, scripting, troubleshooting manages and maintains linux servers, ensuring system stability and security."
352,mainframe developer,develops and maintains applications on mainframe systems.,"mainframe systems, cobol, jcl, vsam","mainframe developer mainframe systems, cobol, jcl, vsam develops and maintains applications on mainframe systems."
353,microsoft dynamics developer,develops and customizes microsoft dynamics crm solutions.,"microsoft dynamics, crm, .net, development","microsoft dynamics developer microsoft dynamics, crm, .net, development develops and customizes microsoft dynamics crm solutions."
354,mobile security specialist,"ensures the security of mobile devices and applications, conducting assessments and implementing security measures.","mobile security, penetration testing, security protocols, risk management","mobile security specialist mobile security, penetration testing, security protocols, risk management ensures the security of mobile devices and applications, conducting assessments and implementing security measures."
355,natural language processing engineer,"develops nlp models for various applications, such as chatbots and text analysis tools.","nlp algorithms, python, machine learning, text analysis","natural language processing engineer nlp algorithms, python, machine learning, text analysis develops nlp models for various applications, such as chatbots and text analysis tools."
356,network architect,designs and plans computer networks.,"network design, network protocols, security, system architecture","network architect network design, network protocols, security, system architecture designs and plans computer networks."
357,penetration tester,conducts penetration tests to identify security vulnerabilities in systems and applications.,"penetration testing, security audits, ethical hacking, vulnerability assessment","penetration tester penetration testing, security audits, ethical hacking, vulnerability assessment conducts penetration tests to identify security vulnerabilities in systems and applications."
358,python architect,"designs and leads the development of python-based systems, ensuring scalability and maintainability.","python, system architecture, design patterns, cloud computing","python architect python, system architecture, design patterns, cloud computing designs and leads the development of python-based systems, ensuring scalability and maintainability."
359,quality assurance manager,"manages quality assurance processes, ensuring software quality through testing and automation.","qa processes, test automation, test planning, team leadership","quality assurance manager qa processes, test automation, test planning, team leadership manages quality assurance processes, ensuring software quality through testing and automation."
360,release manager,"manages software releases, coordinating activities and ensuring smooth deployments.","release management, ci/cd pipelines, coordination, communication","release manager release management, ci/cd pipelines, coordination, communication manages software releases, coordinating activities and ensuring smooth deployments."
361,sap consultant,"consults on sap system implementation, customization, and support.","sap modules, business process analysis, implementation, customization","sap consultant sap modules, business process analysis, implementation, customization consults on sap system implementation, customization, and support."
362,ux/ui designer,"designs user interfaces and experiences, ensuring usability and aesthetic appeal.","ux/ui design, user research, prototyping, usability testing","ux/ui designer ux/ui design, user research, prototyping, usability testing designs user interfaces and experiences, ensuring usability and aesthetic appeal."
363,web developer,"develops web applications, implementing front-end and back-end components.","html, css, javascript, web development, frameworks","web developer html, css, javascript, web development, frameworks develops web applications, implementing front-end and back-end components."
364,back end developer,develops the server-side logic and apis for web applications.,"server-side programming, databases, api development, frameworks","back end developer server-side programming, databases, api development, frameworks develops the server-side logic and apis for web applications."
365,web designer,"creates visual designs and layouts for websites, ensuring aesthetic appeal and usability.","web design, graphic design, ui/ux principles, wireframing","web designer web design, graphic design, ui/ux principles, wireframing creates visual designs and layouts for websites, ensuring aesthetic appeal and usability."
366,web engineer,"designs and implements web infrastructure, ensuring scalability and reliability.","web technologies, system architecture, performance optimization, security","web engineer web technologies, system architecture, performance optimization, security designs and implements web infrastructure, ensuring scalability and reliability."
367,web producer,"manages the creation and delivery of web content, coordinating with stakeholders.","web content management, project management, content strategy, collaboration","web producer web content management, project management, content strategy, collaboration manages the creation and delivery of web content, coordinating with stakeholders."
368,web project manager,"manages web development projects, ensuring they are completed on time and within budget.","project management, web development, communication, budgeting","web project manager project management, web development, communication, budgeting manages web development projects, ensuring they are completed on time and within budget."
369,web content manager,"manages web content, ensuring it is accurate, engaging, and optimized for search engines.","content creation, content strategy, cms, seo","web content manager content creation, content strategy, cms, seo manages web content, ensuring it is accurate, engaging, and optimized for search engines."
370,multimedia architect,designs and produces multimedia content for various platforms.,"multimedia design, video production, audio production, graphic design","multimedia architect multimedia design, video production, audio production, graphic design designs and produces multimedia content for various platforms."
371,web analytics developer,implements web analytics tools and analyzes data to improve website performance.,"web analytics tools, data analysis, reporting, a/b testing","web analytics developer web analytics tools, data analysis, reporting, a/b testing implements web analytics tools and analyzes data to improve website performance."
372,seo consultant,"advises on seo strategies, improving website visibility and organic traffic.","search engine optimization, keyword research, content optimization, link building","seo consultant search engine optimization, keyword research, content optimization, link building advises on seo strategies, improving website visibility and organic traffic."
373,seo manager,"manages seo initiatives, leading teams and monitoring performance.","seo strategy, team leadership, performance monitoring, reporting","seo manager seo strategy, team leadership, performance monitoring, reporting manages seo initiatives, leading teams and monitoring performance."
374,internet engineer,"designs, implements, and manages internet infrastructure.","networking protocols, internet technologies, system administration, security","internet engineer networking protocols, internet technologies, system administration, security designs, implements, and manages internet infrastructure."
375,front-end designer,designs the visual elements and user interface of web applications.,"html, css, javascript, ui/ux design, responsive design","front-end designer html, css, javascript, ui/ux design, responsive design designs the visual elements and user interface of web applications."
376,mobile developer,develops mobile applications for ios and android platforms.,"mobile app development, ios/android sdks, ui/ux design, programming languages","mobile developer mobile app development, ios/android sdks, ui/ux design, programming languages develops mobile applications for ios and android platforms."
377,python developer,"develops applications using python, focusing on back-end development and automation.","python, web frameworks (django, flask), data analysis, scripting","python developer python, web frameworks (django, flask), data analysis, scripting develops applications using python, focusing on back-end development and automation."
378,power bi developer,develops interactive dashboards and reports using power bi.,"power bi, data modeling, dax, data visualization","power bi developer power bi, data modeling, dax, data visualization develops interactive dashboards and reports using power bi."
379,power bi analyst,analyzes data using power bi to provide insights and support business decision-making.,"power bi, data analysis, sql, business intelligence","power bi analyst power bi, data analysis, sql, business intelligence analyzes data using power bi to provide insights and support business decision-making."
380,cloud computing specialist,"manages and maintains cloud infrastructure, ensuring availability and performance.","cloud platforms, virtualization, system administration, security","cloud computing specialist cloud platforms, virtualization, system administration, security manages and maintains cloud infrastructure, ensuring availability and performance."
381,cybersecurity specialist,protects computer systems and networks from cyber threats.,"security protocols, threat analysis, compliance, incident response","cybersecurity specialist security protocols, threat analysis, compliance, incident response protects computer systems and networks from cyber threats."
382,data science specialist,applies data science techniques to analyze data and solve business problems.,"data analysis, machine learning, statistical modeling, data visualization","data science specialist data analysis, machine learning, statistical modeling, data visualization applies data science techniques to analyze data and solve business problems."
383,artificial intelligence engineer,"develops ai models and applications, implementing machine learning algorithms.","ai/ml algorithms, python, deep learning, neural networks","artificial intelligence engineer ai/ml algorithms, python, deep learning, neural networks develops ai models and applications, implementing machine learning algorithms."
384,database architect,"designs and manages database systems, ensuring data integrity and performance.","database design, data modeling, sql, performance tuning","database architect database design, data modeling, sql, performance tuning designs and manages database systems, ensuring data integrity and performance."
385,software architect,"designs and leads the development of software systems, ensuring scalability and maintainability.","system architecture, design patterns, programming languages, cloud computing","software architect system architecture, design patterns, programming languages, cloud computing designs and leads the development of software systems, ensuring scalability and maintainability."
386,cybersecurity engineer,implements and manages security measures to protect computer systems and networks.,"security protocols, threat analysis, risk management, incident response","cybersecurity engineer security protocols, threat analysis, risk management, incident response implements and manages security measures to protect computer systems and networks."
387,infosec analyst/cybersecurity analyst,protects computer systems and networks from cyber threats.,"security protocols, threat analysis, compliance, incident response","infosec analyst/cybersecurity analyst security protocols, threat analysis, compliance, incident response protects computer systems and networks from cyber threats."
388,computer forensic analyst,"investigates cybercrimes and security incidents, collecting and analyzing digital evidence.","digital forensics, incident response, data recovery, legal compliance","computer forensic analyst digital forensics, incident response, data recovery, legal compliance investigates cybercrimes and security incidents, collecting and analyzing digital evidence."
389,it security specialist,implements and manages security measures to protect computer systems and networks.,"security protocols, threat analysis, compliance, risk management","it security specialist security protocols, threat analysis, compliance, risk management implements and manages security measures to protect computer systems and networks."
390,security manager,"manages security teams and initiatives, ensuring the protection of it assets.","security management, risk assessment, compliance, team leadership","security manager security management, risk assessment, compliance, team leadership manages security teams and initiatives, ensuring the protection of it assets."
391,security engineer,implements and manages security measures to protect computer systems and networks.,"security protocols, threat analysis, risk management, incident response","security engineer security protocols, threat analysis, risk management, incident response implements and manages security measures to protect computer systems and networks."
392,security consultant,"provides security consulting services, assessing risks and recommending security solutions.","security consulting, risk assessment, compliance, security solutions","security consultant security consulting, risk assessment, compliance, security solutions provides security consulting services, assessing risks and recommending security solutions."
393,director of security,"leads security teams and initiatives, providing strategic direction and ensuring compliance.","security leadership, risk management, compliance, incident response","director of security security leadership, risk management, compliance, incident response leads security teams and initiatives, providing strategic direction and ensuring compliance."
394,security administrator,"administers security systems, managing user access and enforcing security policies.","security tools, system administration, user management, security policies","security administrator security tools, system administration, user management, security policies administers security systems, managing user access and enforcing security policies."
395,security specialist,implements and manages security measures to protect computer systems and networks.,"security protocols, threat analysis, compliance, risk management","security specialist security protocols, threat analysis, compliance, risk management implements and manages security measures to protect computer systems and networks."
396,chief information officer,"leads it organizations, defining it strategy and overseeing it operations.","it strategy, leadership, budgeting, project management","chief information officer it strategy, leadership, budgeting, project management leads it organizations, defining it strategy and overseeing it operations."
397,network security engineer,"implements and manages network security measures, protecting networks from threats.","networking protocols, security protocols, firewall management, intrusion detection","network security engineer networking protocols, security protocols, firewall management, intrusion detection implements and manages network security measures, protecting networks from threats."
398,machine learning engineer for cybersecurity,"develops machine learning models for cybersecurity applications, such as threat detection and fraud prevention.","machine learning algorithms, cybersecurity, data analysis, threat detection","machine learning engineer for cybersecurity machine learning algorithms, cybersecurity, data analysis, threat detection develops machine learning models for cybersecurity applications, such as threat detection and fraud prevention."
399,network analyst,"monitors network performance, troubleshoots issues, and provides performance reports.","network monitoring, troubleshooting, performance analysis, reporting","network analyst network monitoring, troubleshooting, performance analysis, reporting monitors network performance, troubleshoots issues, and provides performance reports."
400,network operations engineer,"manages day-to-day network operations, resolving issues and ensuring network availability.","network operations, troubleshooting, monitoring, incident response","network operations engineer network operations, troubleshooting, monitoring, incident response manages day-to-day network operations, resolving issues and ensuring network availability."
401,network reliability engineer,"ensures the reliability and performance of network infrastructure, implementing automation and monitoring solutions.","network reliability, automation, monitoring, incident response","network reliability engineer network reliability, automation, monitoring, incident response ensures the reliability and performance of network infrastructure, implementing automation and monitoring solutions."
402,network infrastructure specialist,"installs, configures, and maintains network infrastructure, including cabling and hardware.","networking hardware, cabling, network design, implementation","network infrastructure specialist networking hardware, cabling, network design, implementation installs, configures, and maintains network infrastructure, including cabling and hardware."
403,computer support specialist,"provides technical support to end-users, resolving hardware and software issues.","technical support, troubleshooting, customer service, hardware/software","computer support specialist technical support, troubleshooting, customer service, hardware/software provides technical support to end-users, resolving hardware and software issues."
404,information technology analyst,"analyzes it systems and processes, recommending improvements and providing it consulting services.","it analysis, requirements gathering, process improvement, it consulting","information technology analyst it analysis, requirements gathering, process improvement, it consulting analyzes it systems and processes, recommending improvements and providing it consulting services."
405,technology sales consultant,"sells technology solutions, providing technical expertise and building customer relationships.","sales, technology solutions, customer relationship management, technical expertise","technology sales consultant sales, technology solutions, customer relationship management, technical expertise sells technology solutions, providing technical expertise and building customer relationships."
406,database developer,develops database applications and schemas.,"database development, sql, pl/sql, data modeling","database developer database development, sql, pl/sql, data modeling develops database applications and schemas."
407,database analyst,analyzes data stored in databases and creates reports.,"data analysis, sql, data modeling, reporting","database analyst data analysis, sql, data modeling, reporting analyzes data stored in databases and creates reports."
408,data warehouse manager,manages data warehouse projects and teams.,"data warehousing, etl processes, data modeling, team leadership","data warehouse manager data warehousing, etl processes, data modeling, team leadership manages data warehouse projects and teams."
409,data warehouse programming specialist,develops and maintains etl processes for data warehousing.,"etl processes, sql, data modeling, data warehousing","data warehouse programming specialist etl processes, sql, data modeling, data warehousing develops and maintains etl processes for data warehousing."
410,intelligence specialist,gathers and analyzes intelligence data to support security and decision-making.,"data analysis, intelligence gathering, reporting, security","intelligence specialist data analysis, intelligence gathering, reporting, security gathers and analyzes intelligence data to support security and decision-making."
411,cloud/software architect,designs and oversees the implementation of cloud computing strategies.,"cloud platforms, system architecture, cloud security, devops","cloud/software architect cloud platforms, system architecture, cloud security, devops designs and oversees the implementation of cloud computing strategies."
412,cloud/software developer,develops software applications on cloud platforms.,"cloud platforms, programming languages, software development, cloud services","cloud/software developer cloud platforms, programming languages, software development, cloud services develops software applications on cloud platforms."
413,cloud/software applications engineer,develops and deploys applications on cloud platforms.,"cloud platforms, application development, cloud services, devops","cloud/software applications engineer cloud platforms, application development, cloud services, devops develops and deploys applications on cloud platforms."
414,cloud system administrator,"manages and maintains cloud infrastructure, ensuring availability and performance.","cloud platforms, system administration, virtualization, networking","cloud system administrator cloud platforms, system administration, virtualization, networking manages and maintains cloud infrastructure, ensuring availability and performance."
415,cloud system engineer,"engineers cloud infrastructure, implementing automation and ensuring system reliability.","cloud platforms, system engineering, automation, scripting","cloud system engineer cloud platforms, system engineering, automation, scripting engineers cloud infrastructure, implementing automation and ensuring system reliability."
416,platform engineer,"develops and maintains platform infrastructure, enabling efficient software development and deployment.","platform engineering, cloud computing, automation, devops practices","platform engineer platform engineering, cloud computing, automation, devops practices develops and maintains platform infrastructure, enabling efficient software development and deployment."
417,software quality assurance analyst,ensures software quality through testing and reporting.,"qa processes, test planning, test execution, reporting","software quality assurance analyst qa processes, test planning, test execution, reporting ensures software quality through testing and reporting."
418,ui (user interface) designer,"designs user interfaces, ensuring usability and aesthetic appeal.","ui design, user research, prototyping, usability testing","ui (user interface) designer ui design, user research, prototyping, usability testing designs user interfaces, ensuring usability and aesthetic appeal."
419,technical account manager,"manages customer accounts, providing technical support and building relationships.","customer relationship management, technical support, account management, sales","technical account manager customer relationship management, technical support, account management, sales manages customer accounts, providing technical support and building relationships."
420,it sales executive,"sells technology solutions, developing sales strategies and building customer relationships.","sales, technology solutions, customer relationship management, sales strategy","it sales executive sales, technology solutions, customer relationship management, sales strategy sells technology solutions, developing sales strategies and building customer relationships."
421,it sales director,"leads it sales teams, developing sales strategies and managing customer relationships.","sales leadership, sales strategy, customer relationship management, team management","it sales director sales leadership, sales strategy, customer relationship management, team management leads it sales teams, developing sales strategies and managing customer relationships."
422,technology manager,"manages it teams and projects, ensuring efficient operations.","it management, team leadership, project management, budgeting","technology manager it management, team leadership, project management, budgeting manages it teams and projects, ensuring efficient operations."
423,technology assistant,provides technical and administrative support to it teams.,"technical support, administrative support, hardware/software, troubleshooting","technology assistant technical support, administrative support, hardware/software, troubleshooting provides technical and administrative support to it teams."
424,technology specialist,"provides technical expertise and support, resolving complex it issues.","technical expertise, problem solving, troubleshooting, it support","technology specialist technical expertise, problem solving, troubleshooting, it support provides technical expertise and support, resolving complex it issues."
425,director oracle,"manages oracle database teams and projects, ensuring efficient operations.","oracle database, team leadership, project management, budgeting","director oracle oracle database, team leadership, project management, budgeting manages oracle database teams and projects, ensuring efficient operations."
426,knowledge manager,"manages knowledge assets, ensuring information is accessible and organized.","knowledge management, information architecture, collaboration, documentation","knowledge manager knowledge management, information architecture, collaboration, documentation manages knowledge assets, ensuring information is accessible and organized."
427,manager hardware,"manages hardware resources, leading teams and overseeing hardware operations.","hardware management, team leadership, budgeting, inventory management","manager hardware hardware management, team leadership, budgeting, inventory management manages hardware resources, leading teams and overseeing hardware operations."
428,sharepoint manager,"manages sharepoint environments, leading teams and ensuring efficient collaboration.","sharepoint, team leadership, project management, collaboration","sharepoint manager sharepoint, team leadership, project management, collaboration manages sharepoint environments, leading teams and ensuring efficient collaboration."
429,requirements manager,"manages requirements for it projects, ensuring they are well-defined and communicated.","requirements gathering, analysis, documentation, communication","requirements manager requirements gathering, analysis, documentation, communication manages requirements for it projects, ensuring they are well-defined and communicated."
430,implementation director,"manages it project implementations, leading teams and ensuring successful deployments.","implementation management, project management, team leadership, communication","implementation director implementation management, project management, team leadership, communication manages it project implementations, leading teams and ensuring successful deployments."
431,technology officer,"provides technology leadership, defining it strategy and driving innovation.","it strategy, leadership, innovation, project management","technology officer it strategy, leadership, innovation, project management provides technology leadership, defining it strategy and driving innovation."
432,director business systems,"manages business systems, leading teams and improving business processes.","business systems, team leadership, project management, process improvement","director business systems business systems, team leadership, project management, process improvement manages business systems, leading teams and improving business processes."
433,manager net,"manages .net development teams and projects, ensuring efficient development practices.","net development, team leadership, project management, .net framework","manager net net development, team leadership, project management, .net framework manages .net development teams and projects, ensuring efficient development practices."
434,systems integration manager,"manages systems integration projects, leading teams and ensuring successful integration.","systems integration, project management, team leadership, communication","systems integration manager systems integration, project management, team leadership, communication manages systems integration projects, leading teams and ensuring successful integration."
435,digital program manager,"manages digital programs, leading teams and ensuring successful execution.","digital strategy, program management, team leadership, communication","digital program manager digital strategy, program management, team leadership, communication manages digital programs, leading teams and ensuring successful execution."
436,integration director,"manages integration projects, leading teams and ensuring successful integration.","integration management, project management, team leadership, communication","integration director integration management, project management, team leadership, communication manages integration projects, leading teams and ensuring successful integration."
437,director hardware,"manages hardware resources, leading teams and developing hardware strategies.","hardware management, team leadership, budgeting, strategic planning","director hardware hardware management, team leadership, budgeting, strategic planning manages hardware resources, leading teams and developing hardware strategies."
438,manager linux,"manages linux systems and teams, ensuring efficient operations and troubleshooting issues.","linux administration, team leadership, project management, troubleshooting","manager linux linux administration, team leadership, project management, troubleshooting manages linux systems and teams, ensuring efficient operations and troubleshooting issues."
439,manager php,"manages php development teams and projects, ensuring efficient development practices.","php development, team leadership, project management, web development","manager php php development, team leadership, project management, web development manages php development teams and projects, ensuring efficient development practices."
440,firmware manager,"manages firmware development teams and projects, ensuring efficient development practices.","firmware development, team leadership, project management, embedded systems","firmware manager firmware development, team leadership, project management, embedded systems manages firmware development teams and projects, ensuring efficient development practices."
441,it program engagement director,"manages it program engagements, building customer relationships and leading teams.","it program management, customer relationship management, stakeholder management, team leadership","it program engagement director it program management, customer relationship management, stakeholder management, team leadership manages it program engagements, building customer relationships and leading teams."
442,manager unix,"manages unix systems and teams, ensuring efficient operations and troubleshooting issues.","unix administration, team leadership, project management, troubleshooting","manager unix unix administration, team leadership, project management, troubleshooting manages unix systems and teams, ensuring efficient operations and troubleshooting issues."
443,technology adoption manager,"manages technology adoption initiatives, providing training and communication to ensure successful adoption.","technology adoption, training, communication, change management","technology adoption manager technology adoption, training, communication, change management manages technology adoption initiatives, providing training and communication to ensure successful adoption."
444,it support specialist,"provides technical support to end-users, resolving hardware and software issues.","technical support, troubleshooting, customer service, hardware/software","it support specialist technical support, troubleshooting, customer service, hardware/software provides technical support to end-users, resolving hardware and software issues."
445,customer service representative,"provides customer service, resolving issues and providing technical support.","customer service, communication, problem solving, technical support","customer service representative customer service, communication, problem solving, technical support provides customer service, resolving issues and providing technical support."
446,technical product manager,"manages technical products, defining product strategy and gathering requirements.","product management, technical expertise, market analysis, requirements gathering","technical product manager product management, technical expertise, market analysis, requirements gathering manages technical products, defining product strategy and gathering requirements."
447,project manager,"manages projects, ensuring they are completed on time and within budget.","project management, planning, execution, communication","project manager project management, planning, execution, communication manages projects, ensuring they are completed on time and within budget."
448,program manager,"manages programs, ensuring they are completed on time and within budget.","program management, planning, execution, communication","program manager program management, planning, execution, communication manages programs, ensuring they are completed on time and within budget."
449,portfolio manager,"manages investment portfolios, assessing risk and making investment decisions.","portfolio management, investment management, risk management, financial analysis","portfolio manager portfolio management, investment management, risk management, financial analysis manages investment portfolios, assessing risk and making investment decisions."
450,chief information officer (cio),"leads it organizations, defining it strategy and overseeing it operations.","it strategy, leadership, budgeting, project management","chief information officer (cio) it strategy, leadership, budgeting, project management leads it organizations, defining it strategy and overseeing it operations."
451,chief technology officer (cto),"leads technology initiatives, driving innovation and overseeing research and development.","technology strategy, innovation, research and development, team leadership","chief technology officer (cto) technology strategy, innovation, research and development, team leadership leads technology initiatives, driving innovation and overseeing research and development."
452,it director,"manages it teams and projects, ensuring efficient operations.","it management, team leadership, budgeting, project management","it director it management, team leadership, budgeting, project management manages it teams and projects, ensuring efficient operations."
453,technical operations officer,"manages technical operations, ensuring the stability and performance of it systems.","technical operations, infrastructure management, system administration, incident response","technical operations officer technical operations, infrastructure management, system administration, incident response manages technical operations, ensuring the stability and performance of it systems."
454,information management systems director,"manages information management systems, ensuring data is accessible and secure.","information management, systems administration, data management, compliance","information management systems director information management, systems administration, data management, compliance manages information management systems, ensuring data is accessible and secure."
455,senior it consultant,"provides it consulting services, managing projects and providing technical expertise.","it consulting, project management, technical expertise, client management","senior it consultant it consulting, project management, technical expertise, client management provides it consulting services, managing projects and providing technical expertise."
456,technical lead,"leads technical teams, providing guidance and mentoring team members.","technical leadership, software development, team leadership, mentoring","technical lead technical leadership, software development, team leadership, mentoring leads technical teams, providing guidance and mentoring team members."
457,it apprentice,"provides technical support to end-users, learning it concepts and developing technical skills.","technical support, troubleshooting, learning agility, customer service","it apprentice technical support, troubleshooting, learning agility, customer service provides technical support to end-users, learning it concepts and developing technical skills."
458,it technician,"provides technical support to end-users, resolving hardware and software issues.","technical support, troubleshooting, hardware/software, networking","it technician technical support, troubleshooting, hardware/software, networking provides technical support to end-users, resolving hardware and software issues."
459,it systems administrator,"manages and maintains it systems, ensuring stability and performance.","system administration, linux/windows servers, troubleshooting, scripting","it systems administrator system administration, linux/windows servers, troubleshooting, scripting manages and maintains it systems, ensuring stability and performance."
460,it engineer,"engineers it systems, ensuring scalability, reliability, and security.","system engineering, networking, cloud computing, security","it engineer system engineering, networking, cloud computing, security engineers it systems, ensuring scalability, reliability, and security."
461,computer network specialist,"manages and maintains computer networks, ensuring stability and security.","networking, troubleshooting, system administration, security","computer network specialist networking, troubleshooting, system administration, security manages and maintains computer networks, ensuring stability and security."
462,computer and information research scientist,conducts research in computer science and develops new technologies.,"research methodologies, data analysis, programming, scientific writing","computer and information research scientist research methodologies, data analysis, programming, scientific writing conducts research in computer science and develops new technologies."
463,computer and information research manager,manages computer and information research projects and teams.,"research management, team leadership, budgeting, project management","computer and information research manager research management, team leadership, budgeting, project management manages computer and information research projects and teams."
464,software development manager,"manages software development teams and projects, ensuring efficient development practices.","software development, team leadership, project management, software architecture","software development manager software development, team leadership, project management, software architecture manages software development teams and projects, ensuring efficient development practices."
465,software development engineer,"develops software applications, implementing algorithms and solving complex problems.","software development, programming languages, algorithm design, problem solving","software development engineer software development, programming languages, algorithm design, problem solving develops software applications, implementing algorithms and solving complex problems."
466,application designer,"designs software applications, ensuring usability and functionality.","application design, ui/ux principles, programming languages, software architecture","application designer application design, ui/ux principles, programming languages, software architecture designs software applications, ensuring usability and functionality."
467,application engineer,"develops and maintains software applications, troubleshooting issues and ensuring stability.","application development, programming languages, troubleshooting, system administration","application engineer application development, programming languages, troubleshooting, system administration develops and maintains software applications, troubleshooting issues and ensuring stability."
468,lead programmer,"leads programming teams, providing technical guidance and mentoring team members.","programming languages, software development, team leadership, mentoring","lead programmer programming languages, software development, team leadership, mentoring leads programming teams, providing technical guidance and mentoring team members."
469,iteration manager,"facilitates agile development teams, ensuring efficient iteration and collaboration.","agile methodologies, scrum, kanban, team facilitation","iteration manager agile methodologies, scrum, kanban, team facilitation facilitates agile development teams, ensuring efficient iteration and collaboration."
470,webmaster,"manages websites, ensuring functionality, security, and content quality.","web development, web design, system administration, content management","webmaster web development, web design, system administration, content management manages websites, ensuring functionality, security, and content quality."
471,ux/ui researcher,conducts user research and usability testing to inform design decisions.,"user research, usability testing, data analysis, reporting","ux/ui researcher user research, usability testing, data analysis, reporting conducts user research and usability testing to inform design decisions."
472,ux/ui specialist,"designs user interfaces and experiences, ensuring usability and aesthetic appeal.","ux/ui design, user research, prototyping, usability testing","ux/ui specialist ux/ui design, user research, prototyping, usability testing designs user interfaces and experiences, ensuring usability and aesthetic appeal."
473,animator,"creates animations for various media, including films, games, and websites.","animation software, 2d/3d animation, storyboarding, visual effects","animator animation software, 2d/3d animation, storyboarding, visual effects creates animations for various media, including films, games, and websites."
474,motion graphics artist,creates motion graphics and visual effects for various media.,"motion graphics, animation software, visual effects, graphic design","motion graphics artist motion graphics, animation software, visual effects, graphic design creates motion graphics and visual effects for various media."
475,2d artist/animator,creates 2d animations for various media.,"2d animation, drawing, illustration, animation software","2d artist/animator 2d animation, drawing, illustration, animation software creates 2d animations for various media."
476,3d artist/animator,creates 3d animations for various media.,"3d animation, modeling, texturing, rigging","3d artist/animator 3d animation, modeling, texturing, rigging creates 3d animations for various media."
477,character designer,"designs characters for animation, games, and other media.","character design, illustration, drawing, animation","character designer character design, illustration, drawing, animation designs characters for animation, games, and other media."
478,storyboard artist,"creates storyboards for films, animations, and other media.","storyboarding, drawing, visual communication, film/animation","storyboard artist storyboarding, drawing, visual communication, film/animation creates storyboards for films, animations, and other media."
479,vfx artist,"creates visual effects for films, television, and other media.","visual effects, compositing, 3d modeling, simulation","vfx artist visual effects, compositing, 3d modeling, simulation creates visual effects for films, television, and other media."
480,rigging artist,creates rigs for animating 3d characters.,"rigging, animation, 3d modeling, character setup","rigging artist rigging, animation, 3d modeling, character setup creates rigs for animating 3d characters."
481,technical animator,develops tools and workflows for animation production.,"technical animation, scripting, programming, animation software","technical animator technical animation, scripting, programming, animation software develops tools and workflows for animation production."
482,art director,"leads art teams, providing visual direction and ensuring aesthetic consistency.","art direction, visual design, team leadership, project management","art director art direction, visual design, team leadership, project management leads art teams, providing visual direction and ensuring aesthetic consistency."
483,animation director,"directs animation projects, ensuring artistic quality and storytelling effectiveness.","animation direction, storytelling, team leadership, project management","animation director animation direction, storytelling, team leadership, project management directs animation projects, ensuring artistic quality and storytelling effectiveness."
484,visual effects animator,"creates visual effects for films, television, and other media.","visual effects, animation, compositing, 3d modeling","visual effects animator visual effects, animation, compositing, 3d modeling creates visual effects for films, television, and other media."
485,graphic effects supervisor,"supervises visual effects projects, ensuring technical and artistic quality.","visual effects supervision, team leadership, technical expertise, project management","graphic effects supervisor visual effects supervision, team leadership, technical expertise, project management supervises visual effects projects, ensuring technical and artistic quality."
486,forensic animator,"creates animations for legal presentations, visualizing forensic evidence.","forensic animation, 3d modeling, legal expertise, visual communication","forensic animator forensic animation, 3d modeling, legal expertise, visual communication creates animations for legal presentations, visualizing forensic evidence."
487,compositor,"combines visual elements to create final images for films, television, and other media.","compositing, visual effects, color correction, image manipulation","compositor compositing, visual effects, color correction, image manipulation combines visual elements to create final images for films, television, and other media."
488,effects technical director (fx td),develops technical solutions for visual effects production.,"visual effects, technical expertise, scripting, problem solving","effects technical director (fx td) visual effects, technical expertise, scripting, problem solving develops technical solutions for visual effects production."
489,layout artist,"creates layouts for animated scenes, determining camera angles and composition.","layout, cinematography, 3d modeling, visual storytelling","layout artist layout, cinematography, 3d modeling, visual storytelling creates layouts for animated scenes, determining camera angles and composition."
490,ai researcher,"conducts research in artificial intelligence and machine learning, developing new algorithms and techniques.","ai/ml algorithms, python, research methodologies, data analysis","ai researcher ai/ml algorithms, python, research methodologies, data analysis conducts research in artificial intelligence and machine learning, developing new algorithms and techniques."
491,ai software architect,"designs and implements ai software systems, ensuring scalability and performance.","ai/ml architecture, software design, cloud computing, data modeling","ai software architect ai/ml architecture, software design, cloud computing, data modeling designs and implements ai software systems, ensuring scalability and performance."
492,business intelligence developer,"develops business intelligence solutions, creating reports and dashboards.","business intelligence tools, data modeling, sql, etl processes","business intelligence developer business intelligence tools, data modeling, sql, etl processes develops business intelligence solutions, creating reports and dashboards."
